id;name;primary_attr;attack_type;roles;img;icon;base_health;base_health_regen;base_mana;base_mana_regen;base_armor;base_mr;base_attack_min;base_attack_max;base_str;base_agi;base_int;str_gain;agi_gain;int_gain;attack_range;projectile_speed;attack_rate;base_attack_time;attack_point;move_speed;turn_rate;cm_enabled;legs;day_vision;night_vision;localized_name;1_pick;1_win;2_pick;2_win;3_pick;3_win;4_pick;4_win;5_pick;5_win;6_pick;6_win;7_pick;7_win;8_pick;8_win;turbo_picks;turbo_picks_trend;turbo_wins;turbo_wins_trend;pro_pick;pro_win;pro_ban;pub_pick;pub_pick_trend;pub_win;pub_win_trend
1;npc_dota_hero_antimage;agi;Melee;['Carry', 'Escape', 'Nuker'];/apps/dota2/images/dota_react/heroes/antimage.png?;/apps/dota2/images/dota_react/heroes/icons/antimage.png?;120;1.0;75;0.0;2;25;29;33;21;24;12;1.6;2.8;1.8;150;0;1.4;100;0.3;310;;True;2;1800;800;Anti-Mage;42827;21474;81055;41016;85070;42887;71188;35354;48935;24333;29154;14235;26346;12822;0;0;179475;[29119, 31987, 32336, 25769, 25983, 25627, 8654];92468;[15213, 16791, 16891, 13509, 13589, 12365, 4110];11;5;35;425639;[68333, 76594, 77736, 63692, 63027, 56019, 20238];212695;[34452, 38960, 39446, 32428, 31868, 26119, 9422]
2;npc_dota_hero_axe;str;Melee;['Initiator', 'Durable', 'Disabler', 'Carry'];/apps/dota2/images/dota_react/heroes/axe.png?;/apps/dota2/images/dota_react/heroes/icons/axe.png?;120;2.5;75;0.0;0;25;31;35;25;20;18;2.7;1.7;1.6;150;900;1.7;100;0.4;315;;True;2;1800;800;Axe;48809;25699;92994;48828;100703;51881;89444;45536;64692;32631;40388;20221;36666;18210;0;0;193539;[30868, 34994, 35482, 28498, 27482, 26528, 9687];100000;[15938, 17951, 18422, 14796, 14089, 13764, 5040];67;37;34;521412;[81378, 92793, 95251, 78009, 76669, 68664, 28648];268336;[41834, 47661, 48603, 39864, 39245, 36316, 14813]
3;npc_dota_hero_bane;all;Ranged;['Support', 'Disabler', 'Nuker', 'Durable'];/apps/dota2/images/dota_react/heroes/bane.png?;/apps/dota2/images/dota_react/heroes/icons/bane.png?;120;0.25;75;0.0;1;25;24;30;23;23;23;2.5;2.5;2.5;425;900;1.7;100;0.3;305;;True;4;1800;1200;Bane;6703;3184;11987;5865;12358;6072;11318;5625;9007;4496;6028;3043;6914;3632;0;0;37761;[5677, 6495, 6608, 5333, 5190, 6168, 2290];17470;[2577, 3028, 3052, 2449, 2384, 2902, 1078];17;7;47;76630;[11482, 12644, 12804, 10481, 10419, 13370, 5430];37291;[5576, 6137, 6273, 5014, 5022, 6594, 2675]
4;npc_dota_hero_bloodseeker;agi;Melee;['Carry', 'Disabler', 'Nuker', 'Initiator'];/apps/dota2/images/dota_react/heroes/bloodseeker.png?;/apps/dota2/images/dota_react/heroes/icons/bloodseeker.png?;120;0.25;75;0.0;2;25;35;41;24;24;17;2.7;3.1;2.0;150;900;1.7;100;0.43;285;;True;2;1800;800;Bloodseeker;22084;11283;27277;14382;22534;11790;17789;9268;11994;6338;6881;3560;5969;3134;0;0;86805;[13793, 15444, 15489, 12469, 12208, 12525, 4877];42805;[6680, 7410, 7600, 6141, 5985, 6455, 2534];5;1;9;144374;[22525, 25202, 25557, 20883, 20644, 20194, 9369];74428;[11407, 12913, 12988, 10544, 10405, 11107, 5064]
5;npc_dota_hero_crystal_maiden;int;Ranged;['Support', 'Disabler', 'Nuker'];/apps/dota2/images/dota_react/heroes/crystal_maiden.png?;/apps/dota2/images/dota_react/heroes/icons/crystal_maiden.png?;120;0.25;75;0.0;0;25;28;34;17;16;20;2.2;1.8;3.3;600;900;1.7;100;0.45;280;;True;2;1800;800;Crystal Maiden;38436;20055;61705;31379;61784;30954;52753;26280;38810;19361;24380;12176;22422;11043;0;0;162085;[25708, 28787, 28802, 23046, 22789, 24162, 8791];83227;[13008, 14627, 14711, 11622, 11649, 12910, 4700];32;14;1;335241;[51076, 58019, 58993, 47809, 46782, 51503, 21059];169713;[25706, 29198, 29457, 24141, 23444, 26682, 11085]
6;npc_dota_hero_drow_ranger;agi;Ranged;['Carry', 'Disabler', 'Pusher'];/apps/dota2/images/dota_react/heroes/drow_ranger.png?;/apps/dota2/images/dota_react/heroes/icons/drow_ranger.png?;120;0.25;75;0.0;0;25;27;34;16;22;15;1.9;2.8;1.4;625;1250;1.7;100;0.5;310;0.7;True;2;1800;800;Drow Ranger;46492;23559;78372;40209;81657;41753;71802;36828;51888;26684;31872;16471;29051;14888;0;0;271403;[40585, 45162, 46567, 37145, 36760, 48550, 16634];147428;[22303, 24715, 25549, 20340, 20190, 25643, 8688];14;9;40;435199;[66571, 75963, 77019, 61976, 60822, 68206, 24642];222924;[34508, 39436, 39906, 31935, 31599, 33579, 11961]
7;npc_dota_hero_earthshaker;str;Melee;['Support', 'Initiator', 'Disabler', 'Nuker'];/apps/dota2/images/dota_react/heroes/earthshaker.png?;/apps/dota2/images/dota_react/heroes/icons/earthshaker.png?;120;1.0;75;0.0;2;25;27;37;22;12;18;3.7;1.4;2.1;150;0;1.7;100;0.467;315;0.9;True;2;1800;800;Earthshaker;35820;17068;62873;30001;68768;32904;62816;30305;47791;23046;29960;14689;27338;13411;0;0;209873;[33509, 37047, 37677, 30794, 30703, 29443, 10700];98234;[15525, 17454, 17564, 14151, 14190, 14116, 5234];19;8;12;380785;[60347, 67152, 67694, 56065, 55114, 52532, 21881];183303;[29005, 31910, 32194, 26872, 26210, 26185, 10927]
8;npc_dota_hero_juggernaut;agi;Melee;['Carry', 'Pusher', 'Escape'];/apps/dota2/images/dota_react/heroes/juggernaut.png?;/apps/dota2/images/dota_react/heroes/icons/juggernaut.png?;120;0.5;75;0.0;0;25;22;24;20;32;14;2.0;2.8;1.4;150;0;1.4;110;0.33;300;;True;2;1800;800;Juggernaut;44526;22166;80046;39953;87075;43820;77506;39278;56388;28408;33440;16862;28194;13977;0;0;222936;[35736, 39873, 40695, 32285, 31759, 30775, 11813];111235;[17852, 20075, 20382, 16072, 16048, 15077, 5729];19;13;16;458279;[71643, 81945, 84244, 67704, 67716, 60118, 24909];229967;[36306, 41554, 42857, 34338, 34134, 28893, 11885]
9;npc_dota_hero_mirana;agi;Ranged;['Carry', 'Support', 'Escape', 'Nuker', 'Disabler'];/apps/dota2/images/dota_react/heroes/mirana.png?;/apps/dota2/images/dota_react/heroes/icons/mirana.png?;120;0.25;75;0.4;-2;25;22;28;20;26;22;2.2;3.1;1.9;630;900;1.7;100;0.35;285;;True;2;1800;800;Mirana;18925;9727;35907;18350;39685;20244;35537;18082;25781;12927;16052;8102;14604;7140;0;0;117155;[18066, 20205, 20417, 16848, 16706, 17932, 6981];61811;[9520, 10664, 10902, 9064, 8851, 9246, 3564];9;4;6;207913;[31267, 34818, 36097, 30535, 29690, 31993, 13513];105489;[15975, 17962, 18306, 15657, 15039, 15798, 6752]
10;npc_dota_hero_morphling;agi;Ranged;['Carry', 'Escape', 'Durable', 'Nuker', 'Disabler'];/apps/dota2/images/dota_react/heroes/morphling.png?;/apps/dota2/images/dota_react/heroes/icons/morphling.png?;120;0.5;75;0.0;-1;25;12;21;23;24;19;2.6;3.9;1.8;350;1300;1.5;100;0.5;285;0.7;True;0;1800;800;Morphling;15036;7054;29407;13674;32394;15077;30424;14155;23968;11120;16895;7796;21462;10076;0;0;102243;[15425, 17669, 17500, 13597, 14437, 17963, 5652];48416;[7315, 8421, 8328, 6495, 6816, 8434, 2607];48;17;46;188254;[28224, 31626, 31172, 25781, 26628, 34113, 10710];88064;[13442, 14958, 14816, 12263, 12542, 15292, 4751]
11;npc_dota_hero_nevermore;agi;Ranged;['Carry', 'Nuker'];/apps/dota2/images/dota_react/heroes/nevermore.png?;/apps/dota2/images/dota_react/heroes/icons/nevermore.png?;120;0.25;75;0.3;0;25;16;22;19;25;18;2.7;3.6;2.2;525;1200;1.6;100;0.5;305;0.9;True;0;1800;800;Shadow Fiend;48460;24274;95923;48055;112475;56227;108213;53740;86549;42460;59235;29003;65610;31988;0;0;322454;[53756, 58929, 57614, 47763, 47909, 42740, 13743];155030;[26119, 28664, 27969, 23088, 23127, 19703, 6360];192;99;245;629558;[104705, 115699, 116198, 96447, 97343, 71737, 27429];311413;[52081, 57892, 57926, 48017, 48366, 34127, 13004]
12;npc_dota_hero_phantom_lancer;agi;Melee;['Carry', 'Escape', 'Pusher', 'Nuker'];/apps/dota2/images/dota_react/heroes/phantom_lancer.png?;/apps/dota2/images/dota_react/heroes/icons/phantom_lancer.png?;120;2.0;75;0.0;0;25;26;36;21;26;21;2.2;3.4;1.8;225;900;1.7;110;0.5;285;;True;2;1800;800;Phantom Lancer;27864;14536;45438;23912;41880;22108;31426;16359;21786;11464;13676;7303;14049;7459;0;0;111436;[17527, 19744, 20052, 16182, 16179, 15885, 5867];61933;[9756, 11006, 11049, 9114, 9085, 8707, 3216];15;9;24;224343;[35387, 40123, 40376, 33584, 33362, 30001, 11510];117665;[18525, 20985, 21135, 17482, 17574, 15933, 6031]
13;npc_dota_hero_puck;int;Ranged;['Initiator', 'Disabler', 'Escape', 'Nuker'];/apps/dota2/images/dota_react/heroes/puck.png?;/apps/dota2/images/dota_react/heroes/icons/puck.png?;120;0.5;75;0.5;0;25;22;30;17;14;23;2.4;2.3;3.8;550;900;1.7;100;0.5;290;0.9;True;2;1800;800;Puck;11299;5193;23177;10964;30350;14627;31945;15569;27805;13918;19953;9874;23755;12087;0;0;68107;[10906, 11991, 11773, 9936, 9985, 9826, 3690];30825;[4923, 5516, 5293, 4491, 4478, 4498, 1626];102;45;223;185480;[29363, 32746, 32443, 27038, 27558, 25838, 10494];90488;[14202, 15881, 15635, 13099, 13445, 12976, 5250]
14;npc_dota_hero_pudge;str;Melee;['Disabler', 'Initiator', 'Durable', 'Nuker'];/apps/dota2/images/dota_react/heroes/pudge.png?;/apps/dota2/images/dota_react/heroes/icons/pudge.png?;120;2.5;75;0.0;0;25;45;51;25;11;16;3.0;1.4;1.8;175;0;1.7;100;0.5;280;0.7;True;2;1800;800;Pudge;80159;41634;152893;78941;157706;80560;134359;68485;97260;49264;63408;31762;70546;35359;0;0;551727;[86458, 95817, 97983, 80205, 79668, 81677, 29919];282629;[44923, 49582, 50655, 41653, 41272, 39891, 14653];66;32;18;827090;[127561, 144865, 145294, 118976, 118212, 123128, 49054];423109;[65956, 74854, 74986, 61286, 60969, 60894, 24164]
15;npc_dota_hero_razor;agi;Ranged;['Carry', 'Durable', 'Nuker', 'Pusher'];/apps/dota2/images/dota_react/heroes/razor.png?;/apps/dota2/images/dota_react/heroes/icons/razor.png?;120;1.0;75;0.0;0;25;23;25;22;24;21;2.8;2.8;2.2;475;2000;1.7;100;0.3;280;;True;0;1800;800;Razor;33738;17765;60606;32228;69594;37192;67916;36309;55088;29417;37119;19668;40130;21144;0;0;143372;[23505, 26432, 25901, 20552, 21265, 18776, 6941];75943;[12381, 14191, 13892, 11014, 11333, 9598, 3534];93;52;121;401548;[66429, 75696, 74362, 60608, 61435, 44749, 18269];212527;[35496, 40540, 39864, 32447, 32860, 22175, 9145]
16;npc_dota_hero_sand_king;all;Melee;['Initiator', 'Disabler', 'Support', 'Nuker', 'Escape'];/apps/dota2/images/dota_react/heroes/sand_king.png?;/apps/dota2/images/dota_react/heroes/icons/sand_king.png?;120;0.25;75;0.0;1;25;19;29;23;19;17;2.3;2.0;2.0;150;900;1.7;110;0.53;290;;True;6;1800;800;Sand King;17609;9188;29668;15536;30111;15373;25916;13050;19429;9704;12343;6124;11741;5679;0;0;81607;[13682, 14479, 14604, 11797, 11608, 11219, 4218];42530;[7088, 7633, 7600, 6064, 6152, 5811, 2182];37;19;119;171095;[27393, 30358, 30307, 24734, 25135, 23587, 9581];87147;[14115, 15397, 15412, 12686, 12866, 11862, 4809]
17;npc_dota_hero_storm_spirit;int;Ranged;['Carry', 'Escape', 'Nuker', 'Initiator', 'Disabler'];/apps/dota2/images/dota_react/heroes/storm_spirit.png?;/apps/dota2/images/dota_react/heroes/icons/storm_spirit.png?;120;0.5;75;0.0;1;25;24;34;21;22;23;2.0;2.6;3.7;480;1100;1.6;115;0.5;285;0.8;True;2;1800;800;Storm Spirit;19908;9471;36528;17481;43342;20724;42308;20749;34037;16701;23714;11696;26587;13209;0;0;112984;[17684, 20042, 20304, 16371, 16814, 15985, 5784];55371;[8746, 9869, 9926, 7957, 8271, 7785, 2817];82;35;125;247960;[39299, 44587, 44275, 36240, 36891, 33358, 13310];120707;[19068, 21882, 21619, 17590, 17832, 16279, 6437]
18;npc_dota_hero_sven;str;Melee;['Carry', 'Disabler', 'Initiator', 'Durable', 'Nuker'];/apps/dota2/images/dota_react/heroes/sven.png?;/apps/dota2/images/dota_react/heroes/icons/sven.png?;120;0.75;75;0.0;0;25;37;39;24;18;16;3.5;2.2;1.5;150;0;1.9;110;0.4;325;;True;2;1800;800;Sven;19858;9717;30688;15042;29762;14568;24428;11795;17122;8334;10278;4974;9277;4437;0;0;74966;[12305, 13766, 13876, 10827, 10865, 9655, 3672];37636;[6226, 6884, 7029, 5352, 5373, 4908, 1864];26;8;8;171370;[27201, 30611, 31257, 25792, 25454, 21821, 9234];84585;[13385, 15076, 15391, 12563, 12553, 11003, 4614]
19;npc_dota_hero_tiny;str;Melee;['Carry', 'Nuker', 'Pusher', 'Initiator', 'Durable', 'Disabler'];/apps/dota2/images/dota_react/heroes/tiny.png?;/apps/dota2/images/dota_react/heroes/icons/tiny.png?;120;2.0;75;0.0;0;25;31;37;30;0;17;4.2;0.0;2.2;150;900;1.7;90;0.4;275;;True;2;1800;800;Tiny;18927;8683;35419;16265;43368;20119;47133;22012;40615;19039;29965;14229;37131;17694;0;0;110817;[18406, 20595, 20521, 16634, 16402, 13480, 4779];49755;[8198, 9268, 9300, 7525, 7482, 5858, 2124];141;73;163;281417;[46816, 51751, 52016, 43459, 43059, 31588, 12728];131469;[21880, 24553, 24654, 20404, 20422, 13887, 5669]
20;npc_dota_hero_vengefulspirit;agi;Ranged;['Support', 'Initiator', 'Disabler', 'Nuker', 'Escape'];/apps/dota2/images/dota_react/heroes/vengefulspirit.png?;/apps/dota2/images/dota_react/heroes/icons/vengefulspirit.png?;120;0.25;75;0.0;0;25;28;34;20;23;19;2.6;3.0;1.5;400;1500;1.5;100;0.33;300;;True;2;1800;800;Vengeful Spirit;18168;9575;33928;17990;38703;20703;35949;19058;27415;14516;17004;8967;14817;7886;0;0;100048;[15478, 17618, 18080, 14524, 14130, 14716, 5502];54994;[8490, 9670, 9882, 7919, 7755, 8245, 3033];31;17;8;210315;[32542, 36738, 37542, 30495, 29956, 30435, 12607];110593;[17114, 19158, 19880, 16034, 15596, 16213, 6598]
21;npc_dota_hero_windrunner;all;Ranged;['Carry', 'Support', 'Disabler', 'Escape', 'Nuker'];/apps/dota2/images/dota_react/heroes/windrunner.png?;/apps/dota2/images/dota_react/heroes/icons/windrunner.png?;120;0.25;75;0.25;0;25;24;36;18;17;18;2.6;2.1;3.2;600;1250;1.5;90;0.4;285;0.8;True;2;1800;800;Windranger;50744;24806;87761;42150;97466;46854;91471;43731;69902;33272;46094;22061;47598;22709;0;0;284994;[45609, 50687, 51440, 41700, 41305, 40692, 13561];140808;[23105, 25853, 26054, 20878, 20830, 18015, 6073];88;42;257;542395;[88107, 99110, 100142, 82495, 81136, 66003, 25402];261472;[43021, 48511, 49104, 40484, 39490, 29548, 11314]
22;npc_dota_hero_zuus;int;Ranged;['Nuker', 'Carry'];/apps/dota2/images/dota_react/heroes/zuus.png?;/apps/dota2/images/dota_react/heroes/icons/zuus.png?;120;0.25;75;0.0;1;25;30;40;21;11;23;2.1;1.2;3.3;380;1100;1.7;100;0.35;305;;True;2;1800;800;Zeus;45011;22586;77515;38839;81996;40976;72994;36295;53410;26318;33141;16373;32414;15994;0;0;298174;[46416, 52153, 53720, 43685, 43408, 42400, 16392];149589;[23034, 25784, 26705, 21745, 21589, 22134, 8598];28;11;30;440985;[68610, 77086, 78659, 64638, 63215, 62464, 26313];219540;[33851, 38114, 38749, 31965, 31164, 32246, 13451]
23;npc_dota_hero_kunkka;str;Melee;['Carry', 'Support', 'Disabler', 'Initiator', 'Durable', 'Nuker'];/apps/dota2/images/dota_react/heroes/kunkka.png?;/apps/dota2/images/dota_react/heroes/icons/kunkka.png?;120;0.75;75;0.0;2;25;30;36;24;14;18;3.6;1.6;1.8;150;900;1.7;100;0.4;315;;True;2;1800;800;Kunkka;14140;6857;24284;12072;27664;13867;25287;12790;19621;9890;12947;6516;12264;6054;0;0;59411;[9475, 10876, 10944, 8623, 8499, 7998, 2996];28359;[4562, 5190, 5224, 4131, 4080, 3749, 1423];27;15;30;156021;[24603, 27749, 28133, 22891, 22777, 21158, 8710];77991;[12338, 13791, 14048, 11529, 11387, 10550, 4348]
25;npc_dota_hero_lina;int;Ranged;['Support', 'Carry', 'Nuker', 'Disabler'];/apps/dota2/images/dota_react/heroes/lina.png?;/apps/dota2/images/dota_react/heroes/icons/lina.png?;120;0.25;75;0.0;0;25;21;29;20;23;30;2.4;2.4;4.0;670;1000;1.6;100;0.65;290;;True;2;1800;800;Lina;41925;20051;65929;32058;71390;35241;64032;31683;46880;23075;29326;14391;27158;13280;0;0;191658;[30234, 33857, 34250, 27487, 27146, 28748, 9936];91535;[14496, 16217, 16486, 13201, 13143, 13386, 4606];50;25;19;390403;[60811, 68711, 70722, 57038, 56129, 55244, 21748];190481;[29938, 33504, 34526, 27938, 27318, 26799, 10458]
26;npc_dota_hero_lion;int;Ranged;['Support', 'Disabler', 'Nuker', 'Initiator'];/apps/dota2/images/dota_react/heroes/lion.png?;/apps/dota2/images/dota_react/heroes/icons/lion.png?;120;0.5;75;0.0;0;25;29;35;18;15;19;2.4;1.7;3.5;600;900;1.7;115;0.43;290;;True;2;1800;800;Lion;71296;35197;138377;68543;154056;76344;139200;69059;103461;51121;64841;32412;61138;30492;0;0;371635;[59246, 65144, 66922, 53996, 53312, 53283, 19732];178561;[28621, 31685, 32171, 25778, 25728, 25270, 9308];128;67;17;792408;[123580, 139953, 142368, 116412, 114802, 109844, 45449];393239;[61782, 69439, 70462, 57879, 56937, 54444, 22296]
27;npc_dota_hero_shadow_shaman;int;Ranged;['Support', 'Pusher', 'Disabler', 'Nuker', 'Initiator'];/apps/dota2/images/dota_react/heroes/shadow_shaman.png?;/apps/dota2/images/dota_react/heroes/icons/shadow_shaman.png?;120;1.0;75;0.0;2;25;40;47;20;16;23;2.3;1.6;3.5;400;900;1.7;100;0.3;285;;True;2;1800;800;Shadow Shaman;53637;27960;95640;49710;102416;53135;90303;47178;66409;34687;43058;22447;43663;22856;0;0;191868;[29233, 32553, 32759, 26709, 26471, 32511, 11632];98663;[15070, 16848, 16778, 13767, 13442, 16852, 5906];175;87;70;540105;[82107, 93573, 94943, 77250, 77930, 81501, 32801];281650;[42942, 48723, 49311, 40249, 40630, 42659, 17136]
28;npc_dota_hero_slardar;str;Melee;['Carry', 'Durable', 'Initiator', 'Disabler', 'Escape'];/apps/dota2/images/dota_react/heroes/slardar.png?;/apps/dota2/images/dota_react/heroes/icons/slardar.png?;120;0.5;75;0.0;2;25;30;38;21;17;15;3.4;2.1;1.5;150;0;1.7;100;0.36;300;;True;0;1800;800;Slardar;24848;12817;44402;22452;47451;23976;42859;21601;32326;16336;20953;10505;21888;11041;0;0;89826;[15012, 16700, 16632, 13322, 12808, 11059, 4293];47951;[8003, 8914, 8933, 7118, 6796, 5913, 2274];70;36;33;264915;[43132, 48141, 48370, 39930, 39004, 32584, 13754];134592;[21986, 24267, 24593, 20325, 19787, 16593, 7041]
29;npc_dota_hero_tidehunter;str;Melee;['Initiator', 'Durable', 'Disabler', 'Nuker', 'Carry'];/apps/dota2/images/dota_react/heroes/tidehunter.png?;/apps/dota2/images/dota_react/heroes/icons/tidehunter.png?;120;0.25;75;0.5;0;25;25;31;26;15;20;3.7;1.5;1.7;150;900;1.7;100;0.6;300;;True;2;1800;800;Tidehunter;18113;8975;35483;17913;41564;20978;40356;20364;31527;15970;20988;10507;22321;11114;0;0;77253;[11805, 13346, 13190, 10402, 10228, 12855, 5427];41352;[6292, 7030, 7033, 5436, 5487, 7027, 3047];80;46;52;231450;[35488, 40389, 40443, 32200, 32049, 35148, 15733];116473;[17695, 20188, 20102, 15871, 15891, 18488, 8238]
30;npc_dota_hero_witch_doctor;int;Ranged;['Support', 'Nuker', 'Disabler'];/apps/dota2/images/dota_react/heroes/witch_doctor.png?;/apps/dota2/images/dota_react/heroes/icons/witch_doctor.png?;120;0.25;75;0.0;0;25;26;36;20;13;22;2.1;1.4;3.1;550;1200;1.7;100;0.4;300;;True;2;1800;800;Witch Doctor;55230;29306;105825;55922;114005;59979;97541;50688;68210;35134;40004;20272;33016;16506;0;0;253270;[39678, 44701, 46218, 37234, 36793, 36049, 12597];133823;[21200, 23570, 24625, 19700, 19445, 18718, 6565];30;16;20;555399;[86948, 98815, 101184, 81928, 80820, 75406, 30298];289060;[45233, 51554, 52862, 42597, 42271, 39069, 15474]
31;npc_dota_hero_lich;int;Ranged;['Support', 'Nuker'];/apps/dota2/images/dota_react/heroes/lich.png?;/apps/dota2/images/dota_react/heroes/icons/lich.png?;120;0.5;75;-1.0;-1;25;24;33;20;17;28;2.1;1.7;3.4;550;900;1.7;100;0.46;290;0.7;True;2;1800;800;Lich;34081;17995;64518;34124;75242;39987;72880;38405;57558;30208;39307;20474;37268;19134;0;0;155465;[23242, 25986, 26671, 20845, 20664, 28150, 9907];83427;[12648, 14007, 14338, 11276, 11150, 14829, 5179];64;29;13;412513;[61202, 70007, 70890, 56850, 56134, 70552, 26878];216292;[32141, 36763, 37495, 30015, 29654, 36494, 13730]
32;npc_dota_hero_riki;agi;Melee;['Carry', 'Escape', 'Disabler'];/apps/dota2/images/dota_react/heroes/riki.png?;/apps/dota2/images/dota_react/heroes/icons/riki.png?;120;2.5;75;0.0;0;25;22;26;18;30;14;2.0;2.4;1.3;150;900;1.7;90;0.3;315;;True;2;1800;800;Riki;22521;11645;32406;16889;29758;15422;22873;11894;15666;8125;9480;4938;8352;4279;0;0;109656;[17514, 19206, 19847, 16165, 15797, 15321, 5806];56529;[8991, 9908, 10193, 8242, 8218, 7961, 3016];4;1;8;168742;[26818, 30005, 30505, 24891, 24595, 22598, 9330];87468;[13922, 15382, 15670, 12967, 12731, 11906, 4890]
33;npc_dota_hero_enigma;all;Ranged;['Disabler', 'Initiator', 'Pusher'];/apps/dota2/images/dota_react/heroes/enigma.png?;/apps/dota2/images/dota_react/heroes/icons/enigma.png?;120;0.25;75;0.5;1;25;19;25;21;14;19;2.5;1.0;3.6;500;900;1.7;100;0.4;280;;True;0;1800;800;Enigma;10566;5092;18623;9362;18813;9570;15199;7732;10617;5414;6679;3558;6878;3758;0;0;80566;[13116, 14423, 14796, 12342, 11866, 10225, 3798];40371;[6540, 7346, 7451, 6164, 5906, 5117, 1847];13;9;77;102937;[16365, 18325, 18651, 15374, 15506, 13356, 5360];52035;[8343, 9253, 9520, 7750, 7885, 6616, 2668]
34;npc_dota_hero_tinker;int;Ranged;['Carry', 'Nuker', 'Pusher'];/apps/dota2/images/dota_react/heroes/tinker.png?;/apps/dota2/images/dota_react/heroes/icons/tinker.png?;120;0.5;75;0.5;2;25;22;28;19;17;30;2.3;1.4;3.3;500;900;1.7;100;0.35;305;;True;2;1800;800;Tinker;20762;9484;38070;17517;41075;19142;37416;17333;29231;13647;19611;9061;21057;9831;0;0;130493;[17437, 19280, 18931, 15550, 15716, 33973, 9606];55927;[7959, 8654, 8489, 7085, 7044, 12989, 3707];23;10;114;232757;[36265, 40833, 40687, 33462, 33674, 36737, 11099];107663;[17445, 19694, 19505, 16151, 16201, 14284, 4383]
35;npc_dota_hero_sniper;agi;Ranged;['Carry', 'Nuker'];/apps/dota2/images/dota_react/heroes/sniper.png?;/apps/dota2/images/dota_react/heroes/icons/sniper.png?;120;0.25;75;0.0;0;25;13;19;19;27;15;2.0;3.2;2.6;550;3000;1.7;100;0.17;285;0.7;True;2;1800;1400;Sniper;71974;35162;120928;58670;126327;61271;106669;51628;72061;34759;41130;19462;32775;15361;0;0;456963;[70226, 77685, 80664, 65009, 64221, 72732, 26426];229264;[34212, 38160, 39370, 31711, 31481, 39748, 14582];53;31;37;643373;[98704, 111265, 114626, 92853, 92044, 94671, 39210];311487;[46968, 52839, 54465, 44408, 44072, 48431, 20304]
36;npc_dota_hero_necrolyte;int;Ranged;['Carry', 'Nuker', 'Durable', 'Disabler'];/apps/dota2/images/dota_react/heroes/necrolyte.png?;/apps/dota2/images/dota_react/heroes/icons/necrolyte.png?;120;0.25;75;0.0;2;25;26;30;18;12;23;2.3;1.3;2.7;500;1200;1.7;100;0.3;280;;True;2;1800;800;Necrophos;41415;22145;73854;38782;78622;40772;68409;35046;49372;25274;30096;15295;26998;13338;0;0;173152;[26367, 29967, 30645, 24791, 24766, 26721, 9895];89901;[13710, 15483, 15920, 12774, 12726, 14084, 5204];23;11;23;407424;[63236, 72013, 73050, 59713, 58846, 56877, 23689];211430;[32776, 37296, 37837, 30781, 30327, 30026, 12387]
37;npc_dota_hero_warlock;int;Ranged;['Support', 'Initiator', 'Disabler'];/apps/dota2/images/dota_react/heroes/warlock.png?;/apps/dota2/images/dota_react/heroes/icons/warlock.png?;120;0.25;75;0.0;1;25;27;37;22;10;25;2.4;1.0;3.1;600;1200;1.7;90;0.3;300;;True;2;1800;800;Warlock;26001;13563;49896;25659;54832;27768;49537;24856;37941;18877;25306;12378;29082;13952;0;0;106970;[16755, 18776, 19424, 15409, 15553, 13968, 7085];55420;[8722, 9739, 10104, 8064, 8196, 7044, 3551];155;68;131;296343;[46926, 53845, 53799, 43824, 43950, 36398, 17601];148605;[23500, 27109, 26880, 21933, 22026, 18317, 8840]
38;npc_dota_hero_beastmaster;all;Melee;['Initiator', 'Disabler', 'Durable', 'Nuker'];/apps/dota2/images/dota_react/heroes/beastmaster.png?;/apps/dota2/images/dota_react/heroes/icons/beastmaster.png?;120;0.25;75;0.0;-1;25;23;27;25;19;16;2.9;2.0;1.9;150;0;1.7;100;0.3;305;;True;2;1800;800;Beastmaster;15879;7556;32138;15149;36876;17237;33642;15543;26303;12128;18884;8675;23655;11237;0;0;58711;[9473, 10980, 10017, 8149, 8267, 8786, 3039];25827;[4160, 4768, 4261, 3576, 3646, 4068, 1348];124;63;280;212212;[34724, 38112, 36928, 30767, 31712, 29177, 10792];99051;[16289, 17564, 17092, 14224, 14732, 13995, 5155]
39;npc_dota_hero_queenofpain;int;Ranged;['Carry', 'Nuker', 'Escape'];/apps/dota2/images/dota_react/heroes/queenofpain.png?;/apps/dota2/images/dota_react/heroes/icons/queenofpain.png?;120;0.25;75;0.0;0;25;26;32;20;22;25;2.4;2.5;3.4;550;1500;1.5;100;0.56;290;;True;2;1800;800;Queen of Pain;29177;13933;61616;29781;76003;36920;75886;37288;60591;29985;40427;19960;42481;21117;0;0;163335;[26122, 29274, 29609, 23611, 23577, 22684, 8458];76749;[12304, 13731, 13924, 11145, 11102, 10594, 3949];83;35;99;416778;[65758, 74771, 75337, 61139, 60638, 55584, 23551];203883;[32184, 36685, 36638, 29953, 29585, 27239, 11599]
40;npc_dota_hero_venomancer;all;Ranged;['Support', 'Nuker', 'Initiator', 'Pusher', 'Disabler'];/apps/dota2/images/dota_react/heroes/venomancer.png?;/apps/dota2/images/dota_react/heroes/icons/venomancer.png?;120;0.25;75;0.0;0;25;18;21;19;25;19;2.1;2.8;1.8;450;900;1.7;115;0.3;280;;True;0;1800;800;Venomancer;37836;18653;69468;34609;76573;38746;68938;34452;50824;25689;31970;16184;30140;15094;0;0;222820;[31855, 35041, 35628, 29034, 28693, 44638, 17931];107778;[15691, 17407, 17749, 14307, 14350, 20095, 8179];22;10;125;400859;[56125, 62964, 63873, 52070, 51058, 80333, 34436];201114;[28534, 31979, 32795, 26638, 26126, 38455, 16587]
41;npc_dota_hero_faceless_void;agi;Melee;['Carry', 'Initiator', 'Disabler', 'Escape', 'Durable'];/apps/dota2/images/dota_react/heroes/faceless_void.png?;/apps/dota2/images/dota_react/heroes/icons/faceless_void.png?;120;1.0;75;0.0;0;25;34;40;20;24;15;2.6;3.3;1.5;150;900;1.7;100;0.5;300;0.9;True;2;1800;800;Faceless Void;29630;14698;54531;26833;59235;29306;53954;27176;41637;21384;26784;13719;27002;13809;0;0;171915;[27900, 30734, 30797, 25417, 25170, 22814, 9083];92064;[14740, 16336, 16325, 13523, 13481, 12699, 4960];36;19;85;330257;[52034, 58626, 59706, 49140, 48867, 43357, 18527];165555;[25740, 29162, 29712, 24654, 24427, 22496, 9364]
42;npc_dota_hero_skeleton_king;str;Melee;['Carry', 'Support', 'Durable', 'Disabler', 'Initiator'];/apps/dota2/images/dota_react/heroes/skeleton_king.png?;/apps/dota2/images/dota_react/heroes/icons/skeleton_king.png?;120;0.5;75;0.0;0;25;38;40;22;16;16;2.8;1.7;1.6;150;0;1.7;100;0.56;310;;True;2;1800;800;Wraith King;37341;21097;68078;37853;70078;38437;57571;31286;39388;21376;22168;11853;16938;8990;0;0;150504;[23272, 26027, 25974, 20602, 20258, 24356, 10015];84921;[12926, 14481, 14418, 11452, 11240, 14458, 5946];17;11;17;348222;[50241, 57449, 58411, 47379, 46896, 58723, 29123];190441;[26911, 30575, 31365, 25368, 25188, 34224, 16810]
43;npc_dota_hero_death_prophet;all;Ranged;['Carry', 'Pusher', 'Nuker', 'Disabler'];/apps/dota2/images/dota_react/heroes/death_prophet.png?;/apps/dota2/images/dota_react/heroes/icons/death_prophet.png?;120;0.25;75;0.5;1;25;22;32;21;17;24;2.9;2.0;3.0;600;1000;1.7;100;0.5;290;0.8;True;2;1800;800;Death Prophet;20149;9556;26702;12608;25449;12211;21515;10413;15290;7351;9779;4783;10124;4944;0;0;73328;[12111, 13440, 13610, 10530, 10413, 9679, 3545];35682;[5921, 6532, 6689, 5084, 5167, 4591, 1698];17;5;65;155837;[25087, 27903, 28401, 22713, 22101, 20779, 8853];74891;[12223, 13401, 13803, 10881, 10785, 9740, 4058]
44;npc_dota_hero_phantom_assassin;agi;Melee;['Carry', 'Escape'];/apps/dota2/images/dota_react/heroes/phantom_assassin.png?;/apps/dota2/images/dota_react/heroes/icons/phantom_assassin.png?;120;1.0;75;0.0;1;25;35;37;19;21;15;2.0;3.4;1.7;150;900;1.7;110;0.3;310;0.8;True;2;1800;800;Phantom Assassin;50836;25106;77451;37886;73431;35375;57902;27545;38180;17974;21269;9995;15653;7187;0;0;280623;[44552, 49706, 51160, 41650, 41490, 38164, 13901];146511;[23383, 26058, 26906, 21991, 21825, 19343, 7005];8;4;6;388562;[61028, 69599, 71142, 59067, 57599, 50315, 19812];187511;[29840, 33813, 34402, 28847, 28040, 23450, 9119]
45;npc_dota_hero_pugna;int;Ranged;['Nuker', 'Pusher'];/apps/dota2/images/dota_react/heroes/pugna.png?;/apps/dota2/images/dota_react/heroes/icons/pugna.png?;120;0.25;75;0.5;0;25;21;28;19;21;26;2.0;1.3;5.2;630;900;1.7;100;0.5;325;;True;2;1800;800;Pugna;13416;6257;21106;9880;22097;10761;19323;9555;14629;7181;9399;4728;8965;4429;0;0;62373;[10309, 11218, 11474, 9270, 9171, 7819, 3112];29414;[4798, 5309, 5338, 4369, 4235, 3842, 1523];16;9;12;125841;[20115, 22667, 22906, 18773, 18300, 16367, 6713];61394;[9756, 11043, 11021, 9129, 8868, 8220, 3357]
46;npc_dota_hero_templar_assassin;agi;Ranged;['Carry', 'Escape'];/apps/dota2/images/dota_react/heroes/templar_assassin.png?;/apps/dota2/images/dota_react/heroes/icons/templar_assassin.png?;120;0.0;75;0.0;0;25;28;33;21;23;20;2.4;3.4;2.0;250;1000;1.6;100;0.3;310;0.7;True;2;1800;800;Templar Assassin;20741;9638;40191;18872;44397;21002;41203;19845;32496;15881;22793;11161;27823;13809;0;0;75563;[11717, 12789, 12777, 10320, 10185, 12968, 4807];34193;[5305, 5708, 5801, 4679, 4621, 5889, 2190];122;55;171;254347;[39415, 43856, 43706, 36529, 36650, 39484, 14707];121571;[19029, 21242, 21058, 17733, 17765, 18040, 6704]
47;npc_dota_hero_viper;agi;Ranged;['Carry', 'Durable', 'Initiator', 'Disabler'];/apps/dota2/images/dota_react/heroes/viper.png?;/apps/dota2/images/dota_react/heroes/icons/viper.png?;120;0.25;75;0.0;-2;25;27;29;21;21;17;2.4;2.9;2.0;575;1200;1.7;110;0.33;275;;True;0;1800;800;Viper;38891;18612;54213;26132;52118;25050;42949;20915;30367;14771;18755;9276;19652;9777;0;0;171518;[27515, 30926, 31278, 24742, 24519, 23964, 8574];84219;[13429, 15248, 15343, 12191, 12015, 11753, 4240];57;22;196;301235;[48595, 55240, 55505, 44307, 43612, 37889, 16087];146777;[23599, 26781, 27087, 21651, 21169, 18684, 7806]
48;npc_dota_hero_luna;agi;Ranged;['Carry', 'Nuker', 'Pusher'];/apps/dota2/images/dota_react/heroes/luna.png?;/apps/dota2/images/dota_react/heroes/icons/luna.png?;120;0.5;75;0.0;2;25;26;32;21;24;23;2.2;3.4;1.9;330;900;1.7;100;0.35;325;;True;2;1800;800;Luna;23391;11929;39520;20068;43762;21893;41668;20959;32422;16149;22261;10983;24769;12336;0;0;103420;[16216, 18030, 18584, 14952, 14641, 14548, 6449];52653;[8153, 9133, 9432, 7685, 7446, 7464, 3340];105;46;18;259688;[39573, 44348, 45637, 39393, 39440, 35581, 15716];131127;[19906, 22342, 23182, 19858, 19906, 17978, 7955]
49;npc_dota_hero_dragon_knight;str;Melee;['Carry', 'Pusher', 'Durable', 'Disabler', 'Initiator', 'Nuker'];/apps/dota2/images/dota_react/heroes/dragon_knight.png?;/apps/dota2/images/dota_react/heroes/icons/dragon_knight.png?;120;0.25;75;0.0;0;25;34;40;21;14;18;3.2;2.0;1.7;150;900;1.6;100;0.5;310;;True;2;1800;800;Dragon Knight;19877;9728;34540;16498;36174;17590;30822;14581;22017;10666;12909;6167;11988;5774;0;0;68217;[9670, 11307, 11303, 8761, 8485, 13020, 5671];33543;[4656, 5342, 5422, 4184, 4111, 6805, 3023];77;36;32;196688;[28643, 32062, 32433, 26486, 25449, 34661, 16954];94567;[13562, 15041, 15216, 12479, 12001, 17711, 8557]
50;npc_dota_hero_dazzle;all;Ranged;['Support', 'Nuker', 'Disabler'];/apps/dota2/images/dota_react/heroes/dazzle.png?;/apps/dota2/images/dota_react/heroes/icons/dazzle.png?;120;0.25;75;0.3;0;25;19;25;19;20;25;2.3;1.7;3.5;575;1200;1.7;100;0.3;305;0.7;True;2;1800;800;Dazzle;16720;8564;33201;17130;36750;19312;31038;16340;21659;11408;14500;7879;14810;7867;0;0;60775;[9730, 10911, 10958, 8946, 8813, 8602, 2815];31210;[5077, 5591, 5685, 4602, 4595, 4287, 1373];58;31;79;188062;[29985, 33450, 33876, 28463, 28174, 25084, 9030];97987;[15732, 17439, 17805, 14942, 14942, 12596, 4531]
51;npc_dota_hero_rattletrap;str;Melee;['Initiator', 'Disabler', 'Durable', 'Nuker'];/apps/dota2/images/dota_react/heroes/rattletrap.png?;/apps/dota2/images/dota_react/heroes/icons/rattletrap.png?;120;0.5;75;0.0;1;25;24;26;26;13;18;3.2;2.3;1.7;150;900;1.7;100;0.33;310;;True;2;1800;800;Clockwerk;9424;4684;19220;9640;24525;12322;25983;13237;22791;11706;16146;8358;17683;8905;0;0;75171;[11701, 13470, 13714, 10881, 10791, 10749, 3865];38992;[6115, 7025, 7122, 5696, 5659, 5413, 1962];25;13;18;154022;[24611, 28289, 28510, 22962, 22634, 19240, 7776];78658;[12721, 14653, 14578, 11966, 11549, 9346, 3845]
52;npc_dota_hero_leshrac;int;Ranged;['Carry', 'Support', 'Nuker', 'Pusher', 'Disabler'];/apps/dota2/images/dota_react/heroes/leshrac.png?;/apps/dota2/images/dota_react/heroes/icons/leshrac.png?;120;0.25;75;0.0;1;25;27;31;20;17;22;2.8;2.5;3.5;575;900;1.7;100;0.4;325;;True;4;1800;800;Leshrac;7453;3766;13279;6644;15828;8040;15733;8193;13409;6994;9852;5260;13084;6966;0;0;51082;[7945, 8639, 8764, 6891, 6681, 8383, 3779];26602;[3974, 4401, 4410, 3398, 3374, 4842, 2203];35;22;25;102425;[14760, 16428, 16674, 13218, 12800, 18218, 10327];52014;[7259, 8146, 8261, 6377, 6279, 10050, 5642]
53;npc_dota_hero_furion;all;Ranged;['Carry', 'Pusher', 'Escape', 'Nuker'];/apps/dota2/images/dota_react/heroes/furion.png?;/apps/dota2/images/dota_react/heroes/icons/furion.png?;120;0.25;75;0.0;0;25;20;26;19;14;22;2.6;2.6;3.5;600;1125;1.5;100;0.4;295;0.9;True;2;1800;800;Nature's Prophet;29631;13348;46649;20281;46062;19738;38341;16344;26944;11659;16333;7121;14799;6462;0;0;115468;[18467, 20265, 21028, 16817, 16579, 16128, 6184];49478;[7883, 8650, 8888, 7201, 7068, 7047, 2741];15;9;61;247368;[38843, 42911, 44113, 36127, 35601, 34979, 14794];108321;[16924, 18616, 19300, 15732, 15714, 15502, 6533]
54;npc_dota_hero_life_stealer;str;Melee;['Carry', 'Durable', 'Escape', 'Disabler'];/apps/dota2/images/dota_react/heroes/life_stealer.png?;/apps/dota2/images/dota_react/heroes/icons/life_stealer.png?;120;0.25;75;0.0;1;25;26;32;23;15;15;2.4;1.9;1.8;150;900;1.7;120;0.39;320;0.9;True;2;1800;800;Lifestealer;21260;10831;42764;22418;50435;27116;47937;26209;37022;20179;24616;13377;23962;13084;0;0;109493;[14655, 16319, 16541, 12956, 12703, 24146, 12173];56144;[7172, 8052, 8108, 6435, 6246, 13479, 6652];35;14;54;280562;[34016, 37906, 39496, 32757, 31414, 69625, 35348];149697;[17316, 19287, 20035, 16563, 15966, 40434, 20096]
55;npc_dota_hero_dark_seer;int;Melee;['Initiator', 'Escape', 'Disabler'];/apps/dota2/images/dota_react/heroes/dark_seer.png?;/apps/dota2/images/dota_react/heroes/icons/dark_seer.png?;120;1.0;75;0.0;2;25;31;37;20;19;22;2.6;1.5;2.7;150;900;1.7;100;0.59;295;;True;2;1800;800;Dark Seer;5342;2567;8856;4318;9413;4654;8414;4124;6416;3160;4675;2372;5422;2676;0;0;45808;[7343, 8150, 8466, 6917, 6737, 5815, 2380];23815;[3881, 4205, 4387, 3636, 3445, 3005, 1256];21;7;27;59466;[9563, 10505, 10675, 9105, 8889, 7452, 3277];29822;[4791, 5286, 5362, 4619, 4459, 3669, 1636]
56;npc_dota_hero_clinkz;agi;Ranged;['Carry', 'Escape', 'Pusher'];/apps/dota2/images/dota_react/heroes/clinkz.png?;/apps/dota2/images/dota_react/heroes/icons/clinkz.png?;120;0.25;75;0.0;0;25;19;25;18;25;21;2.0;2.7;2.2;600;900;1.7;100;0.4;285;;True;2;1800;800;Clinkz;32660;16294;47396;23593;45808;23125;40764;21006;32316;16841;21677;11382;24399;13000;0;0;162350;[26147, 28758, 29283, 23691, 23338, 22890, 8243];83481;[13486, 14802, 15132, 12206, 12070, 11631, 4154];49;28;59;281181;[46469, 52056, 52563, 41715, 41781, 33836, 12761];143725;[23958, 26924, 27078, 21540, 21722, 16431, 6072]
57;npc_dota_hero_omniknight;str;Melee;['Support', 'Durable', 'Nuker'];/apps/dota2/images/dota_react/heroes/omniknight.png?;/apps/dota2/images/dota_react/heroes/icons/omniknight.png?;120;0.25;75;0.0;2;25;31;41;22;15;16;3.1;1.7;2.1;150;900;1.7;100;0.433;310;;True;2;1800;800;Omniknight;9895;4886;19436;9745;21866;11177;21325;10993;16567;8640;11392;5891;12357;6525;0;0;50735;[7914, 8903, 8955, 7193, 6934, 7910, 2926];26180;[4119, 4688, 4682, 3751, 3620, 3867, 1453];10;5;8;130363;[20023, 22832, 22884, 18242, 18355, 19760, 8267];66485;[10458, 11796, 11911, 9501, 9476, 9391, 3952]
58;npc_dota_hero_enchantress;int;Ranged;['Support', 'Pusher', 'Durable', 'Disabler'];/apps/dota2/images/dota_react/heroes/enchantress.png?;/apps/dota2/images/dota_react/heroes/icons/enchantress.png?;120;0.25;75;0.5;1;25;21;31;17;19;22;2.0;2.1;4.0;575;900;1.7;100;0.3;320;;True;4;1800;800;Enchantress;13953;7076;16461;8172;13181;6369;10053;4876;6842;3385;4160;2092;4592;2216;0;0;61711;[9893, 11232, 11185, 8924, 8903, 8467, 3107];31588;[5047, 5798, 5734, 4499, 4594, 4330, 1586];17;8;8;87963;[14189, 15553, 15753, 12975, 12630, 11956, 4907];44079;[7117, 7855, 7886, 6444, 6439, 5835, 2503]
59;npc_dota_hero_huskar;str;Ranged;['Carry', 'Durable', 'Initiator'];/apps/dota2/images/dota_react/heroes/huskar.png?;/apps/dota2/images/dota_react/heroes/icons/huskar.png?;120;0.25;0;0.0;1;25;21;26;23;10;18;3.3;1.5;0.0;400;1400;1.6;100;0.3;290;;True;2;1800;800;Huskar;24513;11392;34140;15932;33459;15967;30030;14792;22532;11343;15444;7665;19037;9813;0;0;114613;[18089, 20063, 20010, 16512, 16286, 17171, 6482];54124;[8402, 9541, 9249, 7829, 7629, 8377, 3097];35;22;162;218485;[34215, 38296, 38312, 31862, 31199, 31478, 13123];105455;[16452, 18345, 18427, 15299, 15091, 15439, 6402]
60;npc_dota_hero_night_stalker;str;Melee;['Carry', 'Initiator', 'Durable', 'Disabler', 'Nuker'];/apps/dota2/images/dota_react/heroes/night_stalker.png?;/apps/dota2/images/dota_react/heroes/icons/night_stalker.png?;120;1.5;75;0.25;2;25;40;44;23;18;15;3.0;2.2;1.6;150;900;1.7;100;0.55;295;;True;2;800;1800;Night Stalker;10097;4928;21184;10550;26087;13288;25955;13415;21381;11070;14694;7677;15231;7932;0;0;44224;[6382, 6927, 7258, 5598, 5415, 9071, 3573];21770;[3072, 3362, 3585, 2745, 2689, 4559, 1758];10;4;13;154694;[21098, 23170, 23479, 19575, 18570, 34015, 14787];79451;[10654, 11718, 11914, 9876, 9403, 17935, 7951]
61;npc_dota_hero_broodmother;agi;Melee;['Carry', 'Pusher', 'Escape', 'Nuker'];/apps/dota2/images/dota_react/heroes/broodmother.png?;/apps/dota2/images/dota_react/heroes/icons/broodmother.png?;120;0.25;75;0.0;-1;25;27;33;18;18;18;2.9;3.4;2.0;175;900;1.7;125;0.4;285;;True;8;1800;800;Broodmother;17164;8921;27202;14203;24148;12587;17712;9306;11520;6061;7032;3805;8469;4496;0;0;69923;[11646, 12625, 12445, 10182, 10238, 9670, 3117];34496;[5736, 6260, 6210, 5065, 5017, 4731, 1477];10;6;29;134119;[21469, 24662, 24576, 19838, 20098, 17628, 5848];69602;[11175, 13088, 12840, 10300, 10464, 8815, 2920]
62;npc_dota_hero_bounty_hunter;agi;Melee;['Escape', 'Nuker'];/apps/dota2/images/dota_react/heroes/bounty_hunter.png?;/apps/dota2/images/dota_react/heroes/icons/bounty_hunter.png?;120;0.75;75;0.5;5;25;33;41;19;21;20;2.5;2.6;1.9;150;900;1.5;100;0.59;325;;True;2;1800;1000;Bounty Hunter;18555;9224;31355;15641;31508;15773;27922;14172;20488;10384;13151;6740;14897;7837;0;0;108336;[16522, 18775, 18927, 15372, 14962, 17548, 6230];51380;[7797, 8921, 9006, 7285, 7071, 8382, 2918];21;15;6;181099;[27379, 31344, 31515, 25760, 25296, 28374, 11431];90563;[13648, 15692, 15882, 12897, 12679, 14117, 5648]
63;npc_dota_hero_weaver;agi;Ranged;['Carry', 'Escape'];/apps/dota2/images/dota_react/heroes/weaver.png?;/apps/dota2/images/dota_react/heroes/icons/weaver.png?;120;1.25;75;0.5;1;25;37;43;16;17;20;2.0;3.3;2.0;425;900;1.8;120;0.55;275;;True;4;1800;800;Weaver;35853;17706;64547;31819;72421;35866;67930;33506;53242;26465;34911;17203;37137;18248;0;0;176234;[27230, 30526, 31290, 25133, 24565, 26473, 11017];89269;[13854, 15498, 15920, 12797, 12592, 13197, 5411];66;26;98;402390;[63983, 72175, 72971, 60280, 59409, 51421, 22151];199110;[31910, 36329, 36572, 30186, 29645, 24086, 10382]
64;npc_dota_hero_jakiro;int;Ranged;['Support', 'Nuker', 'Pusher', 'Disabler'];/apps/dota2/images/dota_react/heroes/jakiro.png?;/apps/dota2/images/dota_react/heroes/icons/jakiro.png?;120;0.25;75;0.0;1;25;27;35;25;15;25;2.5;1.2;3.0;400;1100;1.7;100;0.4;290;0.8;True;2;1800;800;Jakiro;30206;14601;66976;32250;82739;39691;80711;38725;62561;29705;41694;19631;45219;21427;0;0;154525;[24605, 27598, 28386, 22791, 22755, 20599, 7791];73905;[11852, 13355, 13652, 10907, 10798, 9724, 3617];220;108;188;441828;[71710, 81712, 81203, 67184, 67921, 50639, 21459];211001;[34354, 39202, 38795, 32203, 32406, 23836, 10205]
65;npc_dota_hero_batrider;all;Ranged;['Initiator', 'Disabler', 'Escape'];/apps/dota2/images/dota_react/heroes/batrider.png?;/apps/dota2/images/dota_react/heroes/icons/batrider.png?;120;1.25;75;0.0;2;25;12;16;23;13;22;2.9;2.0;2.9;400;900;1.7;100;0.3;320;0.9;True;2;1800;800;Batrider;5190;2378;11501;5294;14135;6584;14362;6830;12228;5874;9379;4623;13544;6854;0;0;34337;[5198, 6136, 6351, 5052, 5038, 4651, 1911];14863;[2230, 2598, 2633, 2183, 2130, 2205, 884];101;57;281;90888;[14062, 15880, 15866, 13124, 13508, 12731, 5717];43543;[6594, 7490, 7367, 6141, 6467, 6632, 2852]
66;npc_dota_hero_chen;int;Ranged;['Support', 'Pusher'];/apps/dota2/images/dota_react/heroes/chen.png?;/apps/dota2/images/dota_react/heroes/icons/chen.png?;120;0.25;75;0.5;-1;25;29;39;23;15;19;2.0;2.1;3.2;650;1100;1.7;100;0.5;305;;True;2;1800;800;Chen;2203;976;3983;1782;4081;1851;3480;1563;2801;1314;2119;1002;3004;1487;0;0;18239;[2911, 3238, 3124, 2491, 2539, 2971, 965];7635;[1177, 1387, 1280, 1050, 1090, 1247, 404];24;10;48;28317;[4406, 4973, 4818, 3984, 4018, 4494, 1624];13400;[2100, 2374, 2340, 1886, 1935, 2003, 762]
67;npc_dota_hero_spectre;agi;Melee;['Carry', 'Durable', 'Escape'];/apps/dota2/images/dota_react/heroes/spectre.png?;/apps/dota2/images/dota_react/heroes/icons/spectre.png?;120;1.5;75;0.0;0;25;23;27;21;26;16;2.4;2.4;1.7;150;900;1.8;110;0.3;295;;True;0;1800;800;Spectre;25281;14233;44114;24379;42625;23181;33909;18352;21546;11455;11423;5974;8050;4123;0;0;100721;[15811, 17825, 18872, 14249, 14231, 14064, 5669];58148;[8964, 10046, 10788, 8225, 8205, 8499, 3421];1;1;6;211683;[32917, 37422, 38894, 31230, 29799, 29258, 12163];114665;[17621, 20087, 20806, 16568, 16031, 16680, 6872]
68;npc_dota_hero_ancient_apparition;int;Ranged;['Support', 'Disabler', 'Nuker'];/apps/dota2/images/dota_react/heroes/ancient_apparition.png?;/apps/dota2/images/dota_react/heroes/icons/ancient_apparition.png?;120;0.25;75;0.0;-1;25;21;31;20;20;23;1.9;2.0;3.1;675;1250;1.7;100;0.45;285;;True;0;1800;800;Ancient Apparition;22801;11328;41391;21237;45791;23138;41322;21275;31664;15957;19738;9852;19307;9684;0;0;134945;[20928, 23666, 24438, 19473, 18970, 20211, 7259];68844;[10700, 12146, 12666, 9933, 9655, 10084, 3660];22;10;28;246733;[37928, 43425, 44437, 35071, 35026, 36735, 14111];125428;[19391, 22156, 22625, 17932, 17937, 18354, 7033]
69;npc_dota_hero_doom_bringer;str;Melee;['Carry', 'Disabler', 'Initiator', 'Durable', 'Nuker'];/apps/dota2/images/dota_react/heroes/doom_bringer.png?;/apps/dota2/images/dota_react/heroes/icons/doom_bringer.png?;120;0.66;75;0.0;2;25;32;42;24;15;15;3.6;1.5;1.9;200;900;1.9;100;0.5;290;;True;2;1800;800;Doom;9314;4240;18868;8682;23234;10776;23375;11154;19565;9569;13690;6793;15740;8007;0;0;48483;[5425, 6155, 6289, 5093, 5154, 12307, 8060];23521;[2637, 2904, 2968, 2390, 2477, 6066, 4079];47;23;50;141126;[15028, 16741, 17155, 14229, 13946, 36357, 27670];68058;[6817, 7644, 7819, 6569, 6355, 18689, 14165]
70;npc_dota_hero_ursa;agi;Melee;['Carry', 'Durable', 'Disabler'];/apps/dota2/images/dota_react/heroes/ursa.png?;/apps/dota2/images/dota_react/heroes/icons/ursa.png?;120;1.0;75;0.0;1;25;24;28;25;18;16;2.4;2.8;1.5;150;900;1.7;100;0.3;310;;True;2;1800;800;Ursa;23797;11083;44821;21352;51046;24799;47528;23384;36835;18065;24749;12419;25687;12785;0;0;112974;[19132, 20869, 20550, 16676, 16268, 14217, 5262];53955;[9026, 9969, 9779, 8033, 7802, 6776, 2570];95;46;133;291133;[47015, 53325, 53827, 44470, 43570, 34924, 14002];140685;[22725, 25787, 26030, 21587, 21137, 16699, 6720]
71;npc_dota_hero_spirit_breaker;str;Melee;['Carry', 'Initiator', 'Disabler', 'Durable', 'Escape'];/apps/dota2/images/dota_react/heroes/spirit_breaker.png?;/apps/dota2/images/dota_react/heroes/icons/spirit_breaker.png?;120;1.25;75;0.5;1;25;34;44;28;17;14;3.3;1.7;1.8;170;900;1.9;100;0.6;295;;True;2;1800;800;Spirit Breaker;39134;19958;66617;34146;71391;36631;64461;32918;48505;25158;31020;15802;31509;16324;0;0;201880;[30070, 32885, 33741, 28142, 27603, 33538, 15901];97598;[14463, 15757, 16186, 13433, 13324, 16665, 7770];57;20;26;393707;[58840, 66588, 67946, 55910, 54934, 60342, 29147];202596;[30241, 34251, 34872, 28796, 28338, 31069, 15029]
72;npc_dota_hero_gyrocopter;agi;Ranged;['Carry', 'Nuker', 'Disabler'];/apps/dota2/images/dota_react/heroes/gyrocopter.png?;/apps/dota2/images/dota_react/heroes/icons/gyrocopter.png?;120;0.25;75;0.0;1;25;18;24;22;25;21;2.5;3.4;2.4;365;3000;1.7;115;0.2;315;;True;2;1800;800;Gyrocopter;9808;4475;19227;8739;24136;10950;24024;11099;18847;8742;11983;5653;11870;5628;0;0;69796;[10941, 12501, 12541, 9843, 9812, 10298, 3860];34101;[5420, 6095, 6161, 4942, 4861, 4852, 1770];23;12;39;140709;[22765, 25241, 25025, 20363, 19823, 19373, 8119];65958;[10643, 11941, 11763, 9655, 9358, 8859, 3739]
73;npc_dota_hero_alchemist;str;Melee;['Carry', 'Support', 'Durable', 'Disabler', 'Initiator', 'Nuker'];/apps/dota2/images/dota_react/heroes/alchemist.png?;/apps/dota2/images/dota_react/heroes/icons/alchemist.png?;120;0.25;75;0.0;0;25;27;33;23;22;25;2.7;1.5;1.8;150;900;1.7;110;0.35;295;;True;2;1800;800;Alchemist;13833;7011;28517;14591;32527;16897;29169;14852;22436;11491;14248;7351;14427;7351;0;0;74431;[11497, 12791, 13263, 10821, 10615, 11561, 3883];39666;[6055, 6834, 7181, 5811, 5686, 6080, 2019];11;6;5;180077;[27126, 30056, 31608, 26340, 25707, 27917, 11323];92758;[14097, 15410, 16247, 13534, 13146, 14562, 5762]
74;npc_dota_hero_invoker;int;Ranged;['Carry', 'Nuker', 'Disabler', 'Escape', 'Pusher'];/apps/dota2/images/dota_react/heroes/invoker.png?;/apps/dota2/images/dota_react/heroes/icons/invoker.png?;120;0.25;75;0.0;-1;25;19;25;19;14;20;2.5;2.0;4.0;600;900;1.7;100;0.4;285;;True;2;1800;800;Invoker;48013;23418;101780;50116;121365;60606;115465;58144;90184;46053;60072;30586;63508;33031;0;0;423826;[63819, 70276, 70791, 59298, 59646, 75579, 24417];212750;[32213, 35630, 35950, 30070, 30332, 36772, 11783];91;49;77;647261;[98550, 110671, 113427, 93547, 93269, 102188, 35609];324542;[50477, 56476, 58295, 47794, 47854, 47234, 16412]
75;npc_dota_hero_silencer;int;Ranged;['Carry', 'Support', 'Disabler', 'Initiator', 'Nuker'];/apps/dota2/images/dota_react/heroes/silencer.png?;/apps/dota2/images/dota_react/heroes/icons/silencer.png?;120;0.25;75;0.0;0;25;18;32;18;22;25;2.2;2.2;2.9;600;900;1.6;110;0.5;300;;True;2;1800;800;Silencer;29750;14980;58077;28542;63812;30980;55131;26882;39371;19083;23153;11120;19549;9416;0;0;135663;[21670, 24007, 24569, 19358, 19292, 19177, 7590];67583;[10755, 11659, 12044, 9635, 9391, 10084, 4015];25;10;28;315514;[49069, 55644, 56597, 45698, 44642, 44038, 19826];154922;[23835, 26693, 27471, 22026, 21687, 22862, 10348]
76;npc_dota_hero_obsidian_destroyer;int;Ranged;['Carry', 'Nuker', 'Disabler'];/apps/dota2/images/dota_react/heroes/obsidian_destroyer.png?;/apps/dota2/images/dota_react/heroes/icons/obsidian_destroyer.png?;120;1.0;75;0.0;0;25;19;31;21;17;30;2.9;1.6;4.2;450;900;1.9;100;0.46;315;;True;4;1800;800;Outworld Devourer;14625;7152;28439;14540;33813;17375;32350;16751;24597;12592;16053;8369;15707;7966;0;0;71198;[11299, 12413, 12853, 10152, 10082, 10399, 4000];35989;[5788, 6408, 6557, 5226, 5134, 5007, 1869];11;10;37;186121;[28989, 32904, 32826, 26604, 26348, 26686, 11764];95317;[14932, 17062, 16879, 13800, 13753, 13088, 5803]
77;npc_dota_hero_lycan;str;Melee;['Carry', 'Pusher', 'Durable', 'Escape'];/apps/dota2/images/dota_react/heroes/lycan.png?;/apps/dota2/images/dota_react/heroes/icons/lycan.png?;120;0.25;75;0.0;0;25;24;29;28;18;23;3.4;1.7;1.7;150;900;1.7;110;0.55;305;;True;2;1800;800;Lycan;5441;2591;8776;4298;8575;4139;6599;3208;4592;2268;2888;1430;3615;1894;0;0;29677;[4865, 5484, 5549, 4573, 4350, 3525, 1331];15465;[2534, 2894, 3018, 2383, 2311, 1682, 643];6;1;14;55412;[9008, 9526, 9792, 8212, 8026, 7833, 3015];27872;[4526, 4740, 4943, 4217, 4125, 3851, 1470]
78;npc_dota_hero_brewmaster;all;Melee;['Carry', 'Initiator', 'Durable', 'Disabler', 'Nuker'];/apps/dota2/images/dota_react/heroes/brewmaster.png?;/apps/dota2/images/dota_react/heroes/icons/brewmaster.png?;120;0.5;75;0.0;1;25;26;33;24;19;17;3.2;2.0;1.9;150;900;1.7;100;0.35;310;;True;2;1800;800;Brewmaster;3499;1772;6524;3255;7187;3579;6660;3388;5801;2899;4379;2210;5814;2927;0;0;21471;[3384, 3963, 3837, 3227, 3155, 2833, 1072];9841;[1588, 1842, 1702, 1425, 1456, 1328, 500];56;29;131;51559;[8140, 8914, 9272, 8190, 7812, 6496, 2735];25441;[4044, 4362, 4597, 3985, 3892, 3214, 1347]
79;npc_dota_hero_shadow_demon;int;Ranged;['Support', 'Disabler', 'Initiator', 'Nuker'];/apps/dota2/images/dota_react/heroes/shadow_demon.png?;/apps/dota2/images/dota_react/heroes/icons/shadow_demon.png?;120;0.25;75;0.0;0;25;29;33;23;18;22;2.6;2.2;3.6;500;900;1.7;100;0.35;290;;True;2;1800;800;Shadow Demon;5443;2491;11062;5011;14481;6877;15611;7475;13603;6466;10023;4873;13248;6537;0;0;33053;[5375, 5898, 5915, 4833, 4830, 4367, 1835];15175;[2458, 2699, 2779, 2225, 2223, 1986, 805];112;71;269;95185;[15498, 17871, 17270, 13694, 13775, 11964, 5113];45756;[7482, 8679, 8363, 6705, 6587, 5538, 2402]
80;npc_dota_hero_lone_druid;agi;Ranged;['Carry', 'Pusher', 'Durable'];/apps/dota2/images/dota_react/heroes/lone_druid.png?;/apps/dota2/images/dota_react/heroes/icons/lone_druid.png?;120;0.25;75;0.0;0;25;22;26;20;22;13;2.5;2.8;1.4;550;1125;1.6;100;0.33;300;;True;2;1800;800;Lone Druid;4636;2233;7670;3788;8091;4105;6614;3349;5567;2954;3515;1812;4467;2354;0;0;25467;[4003, 4300, 4393, 3726, 4411, 3330, 1304];11283;[1818, 1918, 1917, 1638, 1878, 1522, 592];7;5;41;48858;[7504, 8442, 8759, 7070, 7286, 6947, 2850];24720;[3730, 4247, 4396, 3613, 3672, 3586, 1476]
81;npc_dota_hero_chaos_knight;str;Melee;['Carry', 'Disabler', 'Durable', 'Pusher', 'Initiator'];/apps/dota2/images/dota_react/heroes/chaos_knight.png?;/apps/dota2/images/dota_react/heroes/icons/chaos_knight.png?;120;0.25;75;0.0;2;25;29;49;24;18;18;3.1;1.8;1.2;150;900;1.7;100;0.5;325;;True;2;1800;800;Chaos Knight;24879;13141;38575;20175;35888;18582;28379;14748;19577;9993;11473;5926;11066;5587;0;0;94870;[15492, 17248, 17433, 14012, 13714, 12620, 4351];53458;[8877, 9821, 9911, 8128, 7840, 6621, 2260];22;9;1;201252;[32076, 36037, 36941, 30491, 30030, 25538, 10139];104906;[16896, 18939, 19544, 16104, 15851, 12587, 4985]
82;npc_dota_hero_meepo;agi;Melee;['Carry', 'Escape', 'Nuker', 'Disabler', 'Initiator', 'Pusher'];/apps/dota2/images/dota_react/heroes/meepo.png?;/apps/dota2/images/dota_react/heroes/icons/meepo.png?;120;0.25;75;0.25;3;25;29;35;24;17;18;2.2;2.1;1.9;150;900;1.7;100;0.38;315;0.9;True;2;1800;800;Meepo;8392;4166;13092;6634;11909;6050;9623;4922;6716;3505;4486;2352;5470;2884;0;0;47108;[7604, 8683, 8421, 6791, 6741, 4052, 4816];22616;[3719, 4168, 4072, 3300, 3246, 1866, 2245];9;3;22;71722;[11811, 12998, 13163, 10541, 10689, 5828, 6692];36476;[6011, 6660, 6787, 5406, 5559, 2752, 3301]
83;npc_dota_hero_treant;str;Melee;['Support', 'Initiator', 'Durable', 'Disabler', 'Escape'];/apps/dota2/images/dota_react/heroes/treant.png?;/apps/dota2/images/dota_react/heroes/icons/treant.png?;120;0.25;75;0.25;1;25;60;68;25;15;20;3.4;1.8;1.8;150;900;1.9;100;0.6;280;;True;2;1800;800;Treant Protector;10114;4874;17825;8760;20654;10269;19563;9890;15931;8132;11812;6142;18305;9840;0;0;45043;[7442, 8349, 8533, 6877, 6672, 5179, 1991];20311;[3361, 3789, 3828, 3095, 3006, 2383, 849];56;31;305;128058;[21464, 24506, 24252, 19610, 19569, 13274, 5383];64139;[10572, 12329, 12291, 9950, 9872, 6478, 2647]
84;npc_dota_hero_ogre_magi;str;Melee;['Support', 'Nuker', 'Disabler', 'Durable', 'Initiator'];/apps/dota2/images/dota_react/heroes/ogre_magi.png?;/apps/dota2/images/dota_react/heroes/icons/ogre_magi.png?;120;1.5;120;0.0;4;25;45;51;25;14;0;4.2;1.5;0.0;150;900;1.7;100;0.3;290;;True;2;1800;800;Ogre Magi;58605;30405;105311;53855;107752;54660;90324;45663;61516;31038;35763;17949;30092;15100;0;0;362876;[57552, 63741, 65089, 52627, 51470, 52695, 19702];193553;[30494, 33738, 34497, 27948, 27264, 28899, 10713];63;34;3;538964;[85090, 95585, 97672, 79072, 77324, 73171, 31050];274984;[43628, 48653, 49579, 40111, 39506, 37609, 15898]
85;npc_dota_hero_undying;str;Melee;['Support', 'Durable', 'Disabler', 'Nuker'];/apps/dota2/images/dota_react/heroes/undying.png?;/apps/dota2/images/dota_react/heroes/icons/undying.png?;120;-0.25;75;0.25;0;25;33;41;22;13;27;2.4;1.2;2.8;150;900;1.7;100;0.3;300;;True;2;1800;800;Undying;27734;14026;51336;26084;53786;27613;45215;23342;32146;16504;19385;9932;18565;9567;0;0;108768;[18362, 20171, 20020, 15884, 15561, 13813, 4957];55034;[9307, 10147, 10097, 8072, 7833, 7082, 2496];22;11;24;274681;[44765, 50233, 50224, 40491, 39450, 34870, 14648];139819;[22680, 25510, 25500, 20625, 19979, 17984, 7541]
86;npc_dota_hero_rubick;int;Ranged;['Support', 'Disabler', 'Nuker'];/apps/dota2/images/dota_react/heroes/rubick.png?;/apps/dota2/images/dota_react/heroes/icons/rubick.png?;120;0.25;75;0.5;1;25;25;31;21;23;24;2.0;2.5;3.7;550;1125;1.7;100;0.4;290;0.7;True;2;1800;800;Rubick;31787;15332;73005;35118;97045;47514;100750;49261;83182;40743;56525;28107;58175;28775;0;0;305552;[46795, 51042, 51943, 43336, 42912, 50707, 18817];148844;[22627, 24754, 24976, 20936, 20645, 25451, 9455];78;35;41;532394;[80126, 90301, 92322, 76674, 76169, 83174, 33628];260336;[38692, 43773, 44559, 36902, 36776, 42336, 17298]
87;npc_dota_hero_disruptor;int;Ranged;['Support', 'Disabler', 'Nuker', 'Initiator'];/apps/dota2/images/dota_react/heroes/disruptor.png?;/apps/dota2/images/dota_react/heroes/icons/disruptor.png?;120;0.25;75;0.0;0;25;27;31;21;15;20;2.4;1.4;2.9;625;1200;1.7;100;0.4;295;;True;2;1800;800;Disruptor;13653;6577;30852;15206;40502;20228;40514;20251;34165;17104;23317;11664;25554;12687;0;0;64807;[10141, 11485, 11690, 9330, 9188, 9204, 3769];31155;[4930, 5546, 5673, 4534, 4474, 4275, 1723];100;48;35;226699;[35567, 40077, 40797, 32762, 31939, 31757, 13800];113127;[17704, 20080, 20409, 16393, 15958, 15717, 6866]
88;npc_dota_hero_nyx_assassin;all;Melee;['Disabler', 'Nuker', 'Initiator', 'Escape'];/apps/dota2/images/dota_react/heroes/nyx_assassin.png?;/apps/dota2/images/dota_react/heroes/icons/nyx_assassin.png?;120;2.0;75;0.0;1;25;26;30;17;18;21;2.7;2.9;2.6;150;900;1.7;100;0.46;310;;True;6;1800;800;Nyx Assassin;16542;8535;34069;17899;40123;21177;38852;20430;31436;16367;20757;10996;21052;11085;0;0;122872;[18468, 20910, 21383, 18014, 17376, 19283, 7438];63538;[9532, 10768, 11082, 9333, 8883, 10103, 3837];34;17;90;224170;[33616, 37510, 38270, 31988, 31834, 35818, 15134];117452;[17414, 19782, 20259, 16742, 16617, 18829, 7809]
89;npc_dota_hero_naga_siren;agi;Melee;['Carry', 'Support', 'Pusher', 'Disabler', 'Initiator', 'Escape'];/apps/dota2/images/dota_react/heroes/naga_siren.png?;/apps/dota2/images/dota_react/heroes/icons/naga_siren.png?;120;1.0;75;0.0;1;25;23;25;21;22;19;2.4;3.4;2.0;150;900;1.7;110;0.5;330;;True;0;1800;800;Naga Siren;11214;5803;14114;6986;10255;5073;6838;3403;4051;1992;2547;1251;2535;1297;0;0;48239;[7903, 8781, 8636, 7041, 6732, 6699, 2447];25758;[4187, 4730, 4658, 3691, 3504, 3691, 1297];11;7;19;68571;[10908, 12062, 12155, 10042, 10030, 9604, 3770];35166;[5573, 6156, 6195, 5079, 5103, 5015, 2045]
90;npc_dota_hero_keeper_of_the_light;int;Ranged;['Support', 'Nuker', 'Disabler'];/apps/dota2/images/dota_react/heroes/keeper_of_the_light.png?;/apps/dota2/images/dota_react/heroes/icons/keeper_of_the_light.png?;120;0.25;75;0.0;0;25;20;27;18;15;24;2.3;1.6;3.3;600;900;1.7;100;0.3;315;0.7;True;2;1800;800;Keeper of the Light;11590;5473;18634;8948;18981;9358;15362;7623;11573;5935;7647;3928;7994;4223;0;0;58153;[9233, 11088, 10199, 8450, 8739, 7742, 2702];25388;[3984, 4851, 4362, 3670, 3742, 3501, 1278];27;15;37;109412;[17340, 19767, 19490, 16152, 16202, 14772, 5689];53353;[8250, 9578, 9411, 7738, 7795, 7638, 2943]
91;npc_dota_hero_wisp;all;Ranged;['Support', 'Escape', 'Nuker'];/apps/dota2/images/dota_react/heroes/wisp.png?;/apps/dota2/images/dota_react/heroes/icons/wisp.png?;120;0.25;75;0.0;1;25;21;27;19;14;21;3.0;1.6;1.7;500;1200;1.7;100;0.3;320;0.7;True;0;1800;800;Io;10314;5109;18970;9454;20128;10237;16532;8463;12381;6315;7768;4015;8459;4506;0;0;63494;[9875, 11016, 11118, 8845, 9024, 10275, 3341];31539;[4800, 5351, 5461, 4336, 4411, 5415, 1765];10;4;56;106750;[16166, 18452, 18337, 15021, 15400, 17657, 5717];53918;[8100, 9226, 9152, 7523, 7745, 9271, 2901]
92;npc_dota_hero_visage;all;Ranged;['Support', 'Nuker', 'Durable', 'Disabler', 'Pusher'];/apps/dota2/images/dota_react/heroes/visage.png?;/apps/dota2/images/dota_react/heroes/icons/visage.png?;120;0.25;75;0.0;0;25;21;31;22;11;22;2.8;1.3;2.9;600;1400;1.7;110;0.4;285;;True;2;1800;800;Visage;6833;3413;11473;5925;11503;6124;9440;4935;7020;3735;4800;2548;6692;3602;0;0;30301;[4744, 5203, 5457, 4325, 4546, 4590, 1436];14426;[2268, 2450, 2582, 2046, 2170, 2230, 680];3;1;128;70636;[10798, 11990, 12273, 10334, 10763, 10815, 3663];36530;[5506, 6220, 6286, 5264, 5674, 5697, 1883]
93;npc_dota_hero_slark;agi;Melee;['Carry', 'Escape', 'Disabler', 'Nuker'];/apps/dota2/images/dota_react/heroes/slark.png?;/apps/dota2/images/dota_react/heroes/icons/slark.png?;120;0.25;75;0.0;0;25;37;43;20;21;16;2.1;1.5;1.9;150;0;1.7;120;0.5;300;0.7;True;2;1800;1800;Slark;37731;20027;77680;40131;91406;46874;85396;43882;65212;33306;42974;22110;43775;22561;0;0;216013;[34507, 39362, 39013, 31703, 31106, 28909, 11413];114312;[18139, 20595, 20446, 16703, 16241, 15831, 6357];52;28;72;483730;[76586, 87383, 88024, 71750, 70764, 61586, 27637];250000;[39339, 44691, 45003, 36738, 36134, 33313, 14782]
94;npc_dota_hero_medusa;agi;Ranged;['Carry', 'Disabler', 'Durable'];/apps/dota2/images/dota_react/heroes/medusa.png?;/apps/dota2/images/dota_react/heroes/icons/medusa.png?;120;0.25;75;0.0;-1;25;26;32;0;22;25;0.0;3.6;3.6;600;1200;1.7;100;0.5;275;;True;0;1800;800;Medusa;14861;7500;26943;13586;29587;14906;25933;12974;18272;9102;11194;5624;10169;5078;0;0;72100;[11182, 12698, 12702, 10019, 9926, 11213, 4360];39472;[6110, 6947, 6843, 5380, 5392, 6380, 2420];25;11;42;153960;[24126, 28022, 27533, 22184, 21674, 21356, 9065];77698;[12125, 14105, 13952, 11001, 10969, 10912, 4634]
95;npc_dota_hero_troll_warlord;agi;Ranged;['Carry', 'Pusher', 'Disabler', 'Durable'];/apps/dota2/images/dota_react/heroes/troll_warlord.png?;/apps/dota2/images/dota_react/heroes/icons/troll_warlord.png?;120;0.25;75;0.0;-1;25;27;35;21;23;13;2.5;3.3;1.0;500;1200;1.7;100;0.3;290;;True;2;1800;800;Troll Warlord;16068;8385;18901;9674;15495;7759;11823;5800;8033;3900;4691;2262;3730;1771;0;0;67744;[10955, 12291, 12564, 10027, 9560, 8744, 3603];36122;[5870, 6513, 6681, 5348, 5127, 4677, 1906];19;10;21;103200;[16131, 18044, 18665, 15641, 15316, 13661, 5742];52162;[8235, 9176, 9265, 7877, 7689, 7001, 2919]
96;npc_dota_hero_centaur;str;Melee;['Durable', 'Initiator', 'Disabler', 'Nuker', 'Escape'];/apps/dota2/images/dota_react/heroes/centaur.png?;/apps/dota2/images/dota_react/heroes/icons/centaur.png?;120;3.0;75;0.0;-2;25;36;38;27;15;15;4.2;1.0;1.6;150;900;1.7;90;0.3;300;;True;4;1800;800;Centaur Warrunner;16310;8318;32890;16616;39853;20097;38070;19065;29447;14639;19057;9377;18121;8751;0;0;72368;[11927, 13559, 13536, 10138, 10293, 9317, 3598];38970;[6462, 7276, 7331, 5484, 5523, 4964, 1930];91;48;73;220518;[35792, 40571, 40477, 32680, 32410, 27195, 11393];110871;[18048, 20617, 20758, 16726, 16363, 12909, 5450]
97;npc_dota_hero_magnataur;all;Melee;['Initiator', 'Disabler', 'Nuker', 'Escape'];/apps/dota2/images/dota_react/heroes/magnataur.png?;/apps/dota2/images/dota_react/heroes/icons/magnataur.png?;120;0.5;75;0.5;1;25;31;39;23;14;20;3.1;2.0;2.1;200;900;1.8;100;0.5;305;0.8;True;4;1800;800;Magnus;14522;6999;40631;19633;60226;29298;65410;32063;54739;27120;37557;18691;36272;18092;0;0;152826;[24552, 26956, 27722, 22810, 22295, 21026, 7465];70742;[11277, 12470, 12663, 10494, 10397, 9866, 3575];16;8;51;333659;[53117, 59104, 60742, 49759, 49137, 43936, 17864];163826;[26164, 28901, 29785, 24426, 24201, 21607, 8742]
98;npc_dota_hero_shredder;str;Melee;['Nuker', 'Durable', 'Escape'];/apps/dota2/images/dota_react/heroes/shredder.png?;/apps/dota2/images/dota_react/heroes/icons/shredder.png?;120;0.25;75;0.5;0;25;23;27;23;16;23;3.6;1.6;2.7;150;900;1.7;100;0.36;280;;True;2;1800;800;Timbersaw;10853;4932;20029;8980;23353;10572;22827;10293;18379;8240;13068;5879;15035;6852;0;0;51669;[8599, 9463, 9614, 7787, 7450, 6430, 2326];24015;[4063, 4437, 4527, 3683, 3503, 2777, 1025];52;21;34;142650;[24041, 26428, 25970, 21118, 21679, 16859, 6555];64439;[10904, 12177, 11942, 9675, 10031, 7046, 2664]
99;npc_dota_hero_bristleback;str;Melee;['Carry', 'Durable', 'Initiator', 'Nuker'];/apps/dota2/images/dota_react/heroes/bristleback.png?;/apps/dota2/images/dota_react/heroes/icons/bristleback.png?;120;1.0;75;0.4;1;25;31;37;22;17;14;2.8;1.8;2.8;150;900;1.8;100;0.3;295;0.9;True;2;1800;800;Bristleback;34049;17640;49257;23977;44283;20933;34904;16093;23052;10579;14352;6690;14642;6709;0;0;130009;[20578, 22720, 23412, 18787, 18338, 18928, 7246];71670;[11261, 12530, 12970, 10495, 9951, 10507, 3956];83;34;71;251540;[39686, 43819, 44024, 36456, 36124, 35597, 15834];121858;[19155, 21052, 21299, 17625, 17398, 17476, 7853]
100;npc_dota_hero_tusk;str;Melee;['Initiator', 'Disabler', 'Nuker'];/apps/dota2/images/dota_react/heroes/tusk.png?;/apps/dota2/images/dota_react/heroes/icons/tusk.png?;120;1.0;75;0.5;1;25;27;31;23;23;18;3.9;1.9;1.7;150;900;1.7;100;0.36;310;0.7;True;2;1800;800;Tusk;10319;4704;21193;9855;28370;13450;31558;15251;28620;14105;22099;11027;27847;13909;0;0;82886;[13304, 14934, 14936, 12186, 12345, 10916, 4265];38689;[6135, 6881, 6934, 5784, 5856, 5099, 2000];146;74;118;189806;[29630, 33587, 33855, 27949, 27939, 25568, 11278];91891;[14444, 16163, 16405, 13501, 13577, 12334, 5467]
101;npc_dota_hero_skywrath_mage;int;Ranged;['Support', 'Nuker', 'Disabler'];/apps/dota2/images/dota_react/heroes/skywrath_mage.png?;/apps/dota2/images/dota_react/heroes/icons/skywrath_mage.png?;120;0.25;75;0.25;-2;25;16;26;21;13;25;2.0;0.8;4.1;625;1000;1.7;90;0.4;325;;True;2;1800;800;Skywrath Mage;41760;21386;76157;39258;81008;41728;72259;36518;54188;27439;35437;17960;36133;18064;0;0;211847;[33331, 37401, 38799, 32304, 30454, 29304, 10254];107725;[17154, 18984, 19842, 16512, 15632, 14524, 5077];75;41;43;435878;[68788, 78180, 80122, 65523, 63916, 56729, 22620];221690;[35187, 39984, 41096, 33381, 32563, 28349, 11130]
102;npc_dota_hero_abaddon;all;Melee;['Support', 'Carry', 'Durable'];/apps/dota2/images/dota_react/heroes/abaddon.png?;/apps/dota2/images/dota_react/heroes/icons/abaddon.png?;120;1.0;75;0.0;-1;25;22;32;21;22;18;2.6;1.5;2.0;150;900;1.5;95;0.56;325;0.6;True;2;1800;800;Abaddon;9885;5021;18257;9245;21430;10777;20349;10223;15448;7777;9906;4940;9586;4773;0;0;49857;[7827, 8686, 8803, 7046, 7274, 7488, 2733];25467;[4000, 4420, 4448, 3564, 3650, 3976, 1409];29;20;101;126919;[19996, 22140, 22166, 18385, 18135, 18607, 7490];63158;[9972, 10974, 11056, 9201, 8987, 9300, 3668]
103;npc_dota_hero_elder_titan;str;Melee;['Initiator', 'Disabler', 'Nuker', 'Durable'];/apps/dota2/images/dota_react/heroes/elder_titan.png?;/apps/dota2/images/dota_react/heroes/icons/elder_titan.png?;120;0.75;75;0.25;0;25;23;33;26;16;23;3.0;1.8;1.6;150;900;1.7;100;0.35;305;;True;2;1800;800;Elder Titan;3895;1821;5665;2694;5482;2739;4815;2421;3634;1877;2633;1432;3661;2068;0;0;27462;[4578, 4951, 5081, 4280, 3881, 3337, 1354];13849;[2344, 2409, 2596, 2186, 1999, 1632, 683];7;2;3;43468;[7107, 7751, 7639, 6706, 6351, 5488, 2426];21083;[3440, 3720, 3734, 3310, 3084, 2644, 1151]
104;npc_dota_hero_legion_commander;str;Melee;['Carry', 'Disabler', 'Initiator', 'Durable', 'Nuker'];/apps/dota2/images/dota_react/heroes/legion_commander.png?;/apps/dota2/images/dota_react/heroes/icons/legion_commander.png?;120;0.25;75;0.0;-1;25;33;37;24;18;20;3.1;1.7;2.2;150;900;1.7;100;0.46;325;;True;2;1800;800;Legion Commander;46913;25036;94170;50637;103091;55443;90543;48401;65595;35246;40077;21481;36039;18706;0;0;189857;[22140, 24846, 25337, 20300, 20130, 55683, 21421];93957;[10575, 11794, 11927, 9624, 9546, 29479, 11012];23;10;17;526199;[75264, 85157, 87600, 72218, 71025, 97686, 37249];280746;[39712, 44925, 46231, 38038, 37407, 54074, 20359]
105;npc_dota_hero_techies;all;Ranged;['Nuker', 'Disabler'];/apps/dota2/images/dota_react/heroes/techies.png?;/apps/dota2/images/dota_react/heroes/icons/techies.png?;120;1.0;75;1.0;2;25;20;22;19;16;25;2.6;1.8;3.0;600;900;1.7;90;0.5;310;;True;6;1800;800;Techies;38419;19487;64158;31970;65803;32603;55929;27518;39980;19573;24714;12191;21312;10370;0;0;213285;[30660, 34385, 35651, 29316, 29624, 41357, 12292];99263;[14101, 15681, 16411, 13379, 13617, 20022, 6052];28;14;98;348602;[51170, 56941, 59399, 49035, 49641, 61222, 21194];173189;[24783, 27590, 28868, 23894, 24003, 32450, 11601]
106;npc_dota_hero_ember_spirit;agi;Melee;['Carry', 'Escape', 'Nuker', 'Disabler', 'Initiator'];/apps/dota2/images/dota_react/heroes/ember_spirit.png?;/apps/dota2/images/dota_react/heroes/icons/ember_spirit.png?;120;0.5;75;0.0;0;25;33;37;22;22;20;2.5;3.2;2.2;150;900;1.7;100;0.4;300;0.8;True;2;1800;800;Ember Spirit;10482;4749;21992;10174;28362;13543;30548;14727;26523;12770;19196;9434;22630;11158;0;0;67966;[11044, 11947, 12150, 9797, 9819, 9597, 3612];30874;[5054, 5435, 5570, 4376, 4356, 4389, 1694];84;48;109;175874;[28468, 31487, 31479, 25182, 25108, 24290, 9860];84218;[13478, 15130, 14885, 11978, 11976, 11887, 4884]
107;npc_dota_hero_earth_spirit;str;Melee;['Nuker', 'Escape', 'Disabler', 'Initiator', 'Durable'];/apps/dota2/images/dota_react/heroes/earth_spirit.png?;/apps/dota2/images/dota_react/heroes/icons/earth_spirit.png?;120;1.0;75;0.0;0;25;25;29;22;17;18;3.8;2.4;2.1;150;900;1.7;100;0.35;290;;True;2;1800;800;Earth Spirit;5810;2773;12357;6002;15559;7613;16823;8402;14409;7254;10792;5387;13382;6864;0;0;49527;[7767, 8748, 8791, 7215, 7226, 7257, 2523];22958;[3570, 4043, 4032, 3325, 3329, 3482, 1177];32;15;14;100124;[15361, 17071, 17204, 14780, 14803, 15204, 5701];49738;[7601, 8426, 8468, 7252, 7257, 7818, 2916]
108;npc_dota_hero_abyssal_underlord;str;Melee;['Support', 'Nuker', 'Disabler', 'Durable', 'Escape'];/apps/dota2/images/dota_react/heroes/abyssal_underlord.png?;/apps/dota2/images/dota_react/heroes/icons/abyssal_underlord.png?;120;0.25;75;0.0;3;25;37;43;25;12;18;3.2;1.6;2.3;200;900;1.7;100;0.45;290;;True;2;1800;800;Underlord;13388;6935;27856;14337;35411;17973;35548;17925;29982;14900;20979;10389;23608;11557;0;0;66894;[11454, 11818, 11821, 9622, 9637, 9282, 3260];34446;[5847, 6042, 6069, 4938, 4993, 4842, 1715];91;37;100;205332;[33544, 38156, 37742, 31164, 30655, 24201, 9870];102933;[16752, 19163, 18946, 15785, 15196, 12104, 4987]
109;npc_dota_hero_terrorblade;agi;Melee;['Carry', 'Pusher', 'Nuker'];/apps/dota2/images/dota_react/heroes/terrorblade.png?;/apps/dota2/images/dota_react/heroes/icons/terrorblade.png?;120;0.5;75;0.0;6;25;26;32;18;23;19;2.0;4.0;1.6;150;900;1.5;110;0.3;315;0.8;True;2;1800;800;Terrorblade;9306;4404;14353;6529;13283;5954;10645;4796;7723;3475;5238;2419;6070;2853;0;0;52178;[8580, 9591, 9265, 7366, 7517, 7241, 2618];24324;[3997, 4464, 4273, 3358, 3465, 3502, 1265];19;8;22;85968;[13419, 14948, 14784, 11979, 11896, 13315, 5627];39199;[6093, 6722, 6655, 5376, 5404, 6310, 2639]
110;npc_dota_hero_phoenix;str;Ranged;['Support', 'Nuker', 'Initiator', 'Escape', 'Disabler'];/apps/dota2/images/dota_react/heroes/phoenix.png?;/apps/dota2/images/dota_react/heroes/icons/phoenix.png?;120;2.0;75;0.0;-1;25;21;31;23;12;16;3.3;1.5;1.8;525;1100;1.7;100;0.35;280;0.9;True;2;1800;800;Phoenix;9132;4566;20953;10535;26677;13645;27918;14340;23766;12376;16887;8604;22377;11802;0;0;53950;[8811, 9671, 9575, 7783, 7576, 7512, 3022];26687;[4354, 4698, 4710, 3840, 3757, 3794, 1534];110;62;96;162482;[25731, 28836, 28816, 23599, 23617, 22576, 9307];83170;[13002, 14765, 14619, 11881, 12093, 11844, 4966]
111;npc_dota_hero_oracle;int;Ranged;['Support', 'Nuker', 'Disabler', 'Escape'];/apps/dota2/images/dota_react/heroes/oracle.png?;/apps/dota2/images/dota_react/heroes/icons/oracle.png?;120;0.25;75;0.5;1;25;13;19;20;15;26;2.2;1.7;3.6;625;900;1.7;100;0.3;295;0.7;True;2;1800;800;Oracle;7861;3700;16272;7867;19786;9669;19290;9627;15520;7784;10675;5369;11181;5717;0;0;56446;[8368, 9236, 9403, 7512, 7401, 11158, 3368];27330;[3996, 4550, 4648, 3603, 3530, 5343, 1660];20;14;27;111954;[16323, 18490, 18664, 15371, 15167, 20645, 7294];55659;[8087, 9271, 9340, 7746, 7575, 10086, 3554]
112;npc_dota_hero_winter_wyvern;int;Ranged;['Support', 'Disabler', 'Nuker'];/apps/dota2/images/dota_react/heroes/winter_wyvern.png?;/apps/dota2/images/dota_react/heroes/icons/winter_wyvern.png?;120;0.25;75;0.5;1;25;16;23;22;16;26;2.5;1.7;3.6;450;700;1.7;100;0.25;285;;True;2;1800;1200;Winter Wyvern;11320;5676;20872;10601;21803;11064;18979;9884;14793;7782;10118;5350;13201;7044;0;0;53501;[8160, 9113, 9473, 7549, 7584, 8531, 3091];26751;[4133, 4550, 4733, 3832, 3826, 4166, 1511];15;8;18;125518;[19135, 21918, 21757, 17881, 17655, 19594, 7578];64636;[9894, 11359, 11261, 9267, 9230, 9839, 3786]
113;npc_dota_hero_arc_warden;all;Ranged;['Carry', 'Escape', 'Nuker'];/apps/dota2/images/dota_react/heroes/arc_warden.png?;/apps/dota2/images/dota_react/heroes/icons/arc_warden.png?;120;0.25;75;0.0;0;25;23;29;20;20;24;2.2;2.7;2.6;625;900;1.7;110;0.3;300;0.7;True;2;1800;800;Arc Warden;12970;6461;24322;12428;22906;11744;17800;9183;13196;6908;8410;4303;8177;4173;0;0;66466;[9985, 11249, 11280, 9403, 8914, 11999, 3636];31436;[4772, 5370, 5301, 4440, 4210, 5629, 1714];7;2;53;126623;[18624, 21333, 21385, 17805, 17586, 22611, 7279];63769;[9434, 10793, 10896, 8982, 8819, 11238, 3607]
114;npc_dota_hero_monkey_king;agi;Melee;['Carry', 'Escape', 'Disabler', 'Initiator'];/apps/dota2/images/dota_react/heroes/monkey_king.png?;/apps/dota2/images/dota_react/heroes/icons/monkey_king.png?;120;1.0;75;0.0;1;25;29;33;19;24;20;2.8;3.7;1.8;300;900;1.6;95;0.45;300;;True;2;1800;800;Monkey King;15707;6928;26212;11485;27973;12417;25629;11444;20000;9121;13810;6413;14498;6816;0;0;98262;[15549, 17442, 17448, 14319, 14072, 14098, 5334];44803;[7000, 7911, 7873, 6501, 6379, 6644, 2495];26;16;28;165199;[25579, 28465, 28776, 23688, 23796, 24840, 10055];74544;[11444, 12705, 12846, 10587, 10682, 11567, 4713]
119;npc_dota_hero_dark_willow;int;Ranged;['Support', 'Nuker', 'Disabler', 'Escape'];/apps/dota2/images/dota_react/heroes/dark_willow.png?;/apps/dota2/images/dota_react/heroes/icons/dark_willow.png?;120;0.75;75;0.0;0;25;27;35;20;18;21;2.0;1.6;3.5;475;1200;1.5;115;0.3;290;0.7;True;2;1800;800;Dark Willow;15634;7486;25857;12592;27414;13162;25366;12484;20235;9964;14182;7095;16943;8610;0;0;89886;[14174, 16121, 16196, 12956, 12977, 12892, 4570];43315;[6939, 7877, 7836, 6219, 6294, 6005, 2145];67;35;39;165584;[26349, 29521, 29675, 24497, 23987, 22623, 8932];81464;[13017, 14581, 14627, 12132, 11893, 10869, 4345]
120;npc_dota_hero_pangolier;all;Melee;['Carry', 'Nuker', 'Disabler', 'Durable', 'Escape', 'Initiator'];/apps/dota2/images/dota_react/heroes/pangolier.png?;/apps/dota2/images/dota_react/heroes/icons/pangolier.png?;120;1.25;75;0.0;2;25;26;32;20;18;16;2.7;3.2;2.5;150;900;1.7;100;0.33;300;0.9;True;2;1800;800;Pangolier;4205;1907;7967;3752;9696;4542;9566;4657;8117;3959;6147;3069;7964;3923;0;0;32523;[4805, 5775, 5764, 4608, 4733, 4973, 1865];14390;[2088, 2520, 2492, 2010, 2074, 2325, 881];32;14;90;63916;[8358, 10367, 10388, 8773, 8907, 12113, 5010];30680;[3952, 4930, 4954, 4092, 4152, 6099, 2501]
121;npc_dota_hero_grimstroke;int;Ranged;['Support', 'Nuker', 'Disabler', 'Escape'];/apps/dota2/images/dota_react/heroes/grimstroke.png?;/apps/dota2/images/dota_react/heroes/icons/grimstroke.png?;120;0.25;75;0.0;0;25;22;26;21;18;25;2.4;1.9;3.8;600;900;1.7;100;0.35;290;;True;0;1800;800;Grimstroke;9938;4965;18782;9469;22012;10926;19972;10050;15373;7766;10096;5001;9726;4861;0;0;50841;[8206, 9217, 9185, 7513, 7546, 6715, 2459];24870;[4071, 4452, 4526, 3684, 3667, 3323, 1147];18;8;3;119895;[19039, 21588, 21970, 17677, 17125, 16120, 6376];59346;[9521, 10641, 10806, 8765, 8512, 7962, 3139]
123;npc_dota_hero_hoodwink;agi;Ranged;['Support', 'Nuker', 'Escape', 'Disabler'];/apps/dota2/images/dota_react/heroes/hoodwink.png?;/apps/dota2/images/dota_react/heroes/icons/hoodwink.png?;120;0.25;75;0.0;0;25;22;29;17;25;21;2.0;3.6;2.9;575;1800;2.0;100;0.4;315;0.9;True;4;1800;800;Hoodwink;24931;11978;43540;21162;46914;22797;42389;20719;31833;15620;20466;9944;20820;10274;0;0;119048;[18568, 21145, 21239, 16858, 17006, 18134, 6098];55794;[8756, 9832, 9975, 7953, 7940, 8469, 2869];68;37;34;256560;[40186, 45329, 45937, 37082, 37180, 37294, 13552];125486;[19803, 22143, 22473, 17998, 17973, 18337, 6759]
126;npc_dota_hero_void_spirit;all;Melee;['Carry', 'Escape', 'Nuker', 'Disabler'];/apps/dota2/images/dota_react/heroes/void_spirit.png?;/apps/dota2/images/dota_react/heroes/icons/void_spirit.png?;120;0.25;75;0.6;-1;25;18;22;22;21;24;2.6;2.2;3.1;200;900;1.7;100;0.35;290;0.7;True;2;1800;800;Void Spirit;10002;4954;19822;10114;24931;12763;26946;13958;24792;12993;18785;9649;24213;12344;0;0;62776;[9603, 10727, 10857, 9211, 9379, 9380, 3619];31019;[4750, 5462, 5298, 4546, 4631, 4572, 1760];89;48;188;165523;[24998, 28035, 28475, 23787, 24505, 25314, 10409];84688;[12835, 14366, 14477, 12063, 12400, 13137, 5410]
128;npc_dota_hero_snapfire;all;Ranged;['Support', 'Nuker', 'Disabler', 'Escape'];/apps/dota2/images/dota_react/heroes/snapfire.png?;/apps/dota2/images/dota_react/heroes/icons/snapfire.png?;120;0.75;75;0.0;1;25;25;31;21;16;21;3.5;1.9;2.2;400;1800;1.8;100;0.35;300;;True;2;1800;800;Snapfire;12263;5783;24565;11527;32185;15165;32918;15845;27646;13335;18529;8873;19693;9512;0;0;74146;[11388, 12942, 13443, 10631, 10448, 11401, 3893];32984;[5145, 5635, 5902, 4729, 4554, 5227, 1792];62;26;92;183880;[29151, 33469, 33472, 27033, 26732, 24360, 9663];87664;[13967, 15907, 15910, 12958, 12750, 11610, 4562]
129;npc_dota_hero_mars;str;Melee;['Carry', 'Initiator', 'Disabler', 'Durable'];/apps/dota2/images/dota_react/heroes/mars.png?;/apps/dota2/images/dota_react/heroes/icons/mars.png?;120;0.25;75;0.5;-1;25;26;34;23;18;21;3.7;1.7;2.2;250;900;1.8;100;0.4;310;0.8;True;2;1800;800;Mars;16151;7440;35624;16285;48738;22697;52996;24791;47143;21905;34424;16045;40034;18690;0;0;102652;[16557, 18710, 18711, 14691, 14392, 14314, 5277];49134;[7889, 8967, 8936, 7021, 6949, 6878, 2494];115;60;135;297507;[47255, 53722, 53401, 44132, 43237, 39907, 15853];138722;[22093, 25197, 25036, 20863, 20450, 17912, 7171]
131;npc_dota_hero_ringmaster;int;Ranged;['Support', 'Nuker', 'Escape', 'Disabler'];/apps/dota2/images/dota_react/heroes/ringmaster.png?;/apps/dota2/images/dota_react/heroes/icons/ringmaster.png?;120;0.25;75;0.0;1;25;23;33;21;11;25;2.1;1.6;3.0;575;1200;1.7;100;0.5;310;0.6;True;2;1800;800;Ring Master;6080;2847;12937;6178;16669;7988;18019;8706;16237;7840;12476;6080;15609;7598;0;0;35557;[5655, 6410, 6381, 5210, 5248, 4779, 1874];16203;[2549, 2958, 2884, 2324, 2335, 2273, 880];69;32;36;105965;[16721, 19172, 18876, 15292, 15061, 14756, 6087];51146;[8060, 9251, 9008, 7304, 7234, 7225, 3064]
135;npc_dota_hero_dawnbreaker;str;Melee;['Carry', 'Durable'];/apps/dota2/images/dota_react/heroes/dawnbreaker.png?;/apps/dota2/images/dota_react/heroes/icons/dawnbreaker.png?;120;0.5;75;0.0;2;25;31;35;25;14;20;3.4;1.7;2.0;150;900;1.7;100;0.46;300;0.6;True;2;1800;800;Dawnbreaker;9796;4938;19056;9752;24256;12401;24394;12349;20767;10466;14132;7166;14710;7369;0;0;50535;[8350, 9310, 9156, 7385, 7006, 6822, 2506];25274;[4142, 4626, 4466, 3701, 3483, 3517, 1339];22;9;14;147003;[22585, 25733, 26213, 21652, 20919, 21064, 8837];75039;[11447, 12874, 13215, 11021, 10536, 11198, 4748]
136;npc_dota_hero_marci;all;Melee;['Support', 'Carry', 'Initiator', 'Disabler', 'Escape'];/apps/dota2/images/dota_react/heroes/marci.png?;/apps/dota2/images/dota_react/heroes/icons/marci.png?;120;0.25;75;0.0;0;25;29;33;23;20;19;3.2;2.2;1.9;150;0;1.7;100;0.3;315;0.9;True;2;1800;800;Marci;16798;8118;28707;14009;30534;15016;28365;14153;22608;11299;16001;8116;19594;10008;0;0;77187;[12826, 14168, 13669, 10966, 11121, 10800, 3637];35057;[5855, 6381, 6163, 4868, 5089, 4999, 1702];67;36;120;188450;[30331, 33869, 33553, 27495, 27782, 25904, 9516];93303;[14946, 16772, 16521, 13623, 13840, 12839, 4762]
137;npc_dota_hero_primal_beast;str;Melee;['Initiator', 'Durable', 'Disabler'];/apps/dota2/images/dota_react/heroes/primal_beast.png?;/apps/dota2/images/dota_react/heroes/icons/primal_beast.png?;120;0.25;75;0.0;2;25;36;38;26;15;16;4.3;1.0;1.7;150;900;1.8;100;0.6;305;0.6;True;2;1800;800;Primal Beast;8405;4028;15958;7702;18495;8853;17571;8525;14442;7036;10791;5337;12782;6379;0;0;53234;[8748, 9707, 9369, 7604, 7449, 7640, 2717];27216;[4452, 4896, 4646, 3817, 3725, 4139, 1541];45;22;42;110835;[18059, 20343, 19882, 16041, 16133, 14779, 5598];54058;[8677, 9902, 9629, 7733, 7763, 7503, 2851]
138;npc_dota_hero_muerta;int;Ranged;['Carry', 'Nuker', 'Disabler'];/apps/dota2/images/dota_react/heroes/muerta.png?;/apps/dota2/images/dota_react/heroes/icons/muerta.png?;120;0.25;75;0.0;0;25;24;32;19;21;23;2.0;2.7;3.6;575;3000;1.7;115;0.35;295;0.7;True;2;1800;800;Muerta;15524;7663;25603;12469;28951;13880;28058;13248;23123;11025;16060;7550;17274;8169;0;0;99136;[14734, 16640, 16473, 13566, 13557, 17800, 6366];51522;[7787, 8626, 8675, 7156, 7154, 8915, 3209];59;30;35;177608;[26770, 29522, 29716, 24906, 24998, 30178, 11518];86012;[13160, 14409, 14539, 12093, 12268, 14105, 5438]
145;npc_dota_hero_kez;agi;Melee;['Carry', 'Escape', 'Disabler'];/apps/dota2/images/dota_react/heroes/kez.png?;/apps/dota2/images/dota_react/heroes/icons/kez.png?;120;1.5;75;0.25;1;25;23;29;20;27;20;2.8;3.5;1.7;225;900;1.9;100;0.35;310;1.0;True;2;1800;800;Kez;13720;6463;24965;11848;30422;14569;31255;14910;28472;13311;21497;10071;26226;12453;0;0;85315;[14637, 15667, 15526, 13081, 12945, 10070, 3389];39004;[6651, 7165, 7207, 6028, 6031, 4494, 1428];66;37;127;193770;[32366, 36393, 36226, 30297, 30443, 20493, 7552];92066;[15514, 17476, 17407, 14420, 14449, 9361, 3439]
155;npc_dota_hero_largo;str;Melee;['Durable', 'Disabler', 'Support'];/apps/dota2/images/dota_react/heroes/largo.png?;/apps/dota2/images/dota_react/heroes/icons/largo.png?;120;0.25;75;0.0;2;25;39;45;24;14;21;3.6;1.3;2.6;150;0;1.7;100;0.35;290;0.7;True;2;1800;800;Largo;8925;4392;21244;10889;29885;15409;31931;16609;29049;15387;21861;11805;26990;14571;0;0;66116;[11003, 12059, 12602, 9966, 9902, 8134, 2450];33722;[5716, 6113, 6460, 5150, 5117, 3965, 1201];68;42;326;183534;[29972, 33950, 36955, 29578, 28941, 18276, 5862];95418;[15689, 17811, 19495, 15624, 15239, 8767, 2793]
